id,name_sv,municipality_qid,length
27504,Hammarsvallsberget runt,Hudiksvall,6.5
26635,"Östra vandringsstigen, Jan-Svensamössan",Arvidsjaur,1.3
26634,"Västra vandringsstigen, Jan-Svensamössan",Arvidsjaur,1.5
26130,Vandringsstig Vitberget,Jokkmokk,2.2
24830,Vandringsstig Tervajänkkä,Haparanda,3.6
21932,"Siljansleden, Fryksås - Gammeldammen",Orsa,48.4
18451,"Vandringsstig, västra, Reivo",Arvidsjaur,7.7
18450,"Vandringsstig till Smaltjärn, Reivo",Arvidsjaur,0.6
18449,Vandringsstig Reivo,Arvidsjaur,0.5
18445,Vandringsstig Reivo,Arvidsjaur,0.3
18444,"Vandringsstig till rastplats, Reivo",Arvidsjaur,0.5
18309,"Vandringsstig Tjärnen runt, Torrbergstjärn ",Piteå,2.0
18308,"Vandringsstig södra entrén, Torrbergstjärn ",Piteå,1.1
18307,"Vandringsstig naturstig, Torrbergstjärn ",Piteå,1.8
18306,"Vandringsstig västra entrén, Torrbergstjärn ",Piteå,0.5
18216,Vandringsstig Akkelis,Arjeplog,3.5
18203,"Vandringsstig till Kanslikojan, Turpas",Överkalix,0.8
18202,"Vandringsstig cykelleden, Turpas",Överkalix,0.9
18201,Vandringsstig Turpas,Överkalix,0.3
18162,Vandringsstig Malungsberget,Överkalix,1.1
18157,"Vandringsled Makkarajärvi, Jomotusvaara topp",Övertorneå,1.0
17979,"Vandringsstig parkering till reservatsgräns, Rackberget",Älvsbyn,0.3
17978,"Vandringsstig nordöstra utsiktsplatsen, Rackberget",Älvsbyn,0.1
17977,"Vandringsstig, nordvästra utsiktsplatsen, Rackberget",Älvsbyn,0.4
17976,"Vandringsstig slingan, Rackberget",Älvsbyn,3.6
17966,"Vandringsstig Norra stigslingan, Kronogård",Jokkmokk,7.3
17965,"Vandringsstig Fyrhjulingsstig, Kronogård",Jokkmokk,6.0
17964,"Vandringsstig Njallajávrre, Kronogård",Jokkmokk,5.2
17963,"Vandringsstig ""gamla reservatsstigen"", Kronogård",Jokkmokk,3.1
17962,"Vandringsstig ""genväg Uttertjärnen"", Kronogård",Jokkmokk,1.0
17961,"Vandringsstig Njallapestigen, Kronogård",Jokkmokk,0.8
17960,"Vandringsstig Rahanåive, Kronogård",Jokkmokk,1.3
17959,"Vandringsstig Puolvakojan, Kronogård",Jokkmokk,2.2
17926,"Vandringsstig Renskär, Likskär",Kalix,3.3
15539,Vandringsstig Åkerby,Boden,1.2
12915,Västra Laisvall-länsgränsen Västerbotten,Arjeplog,23.0
12912,Ruonekjåhkå-Laisstugan-Nasafjäll,Arjeplog,48.0
12909,Silvervägen/Guoledisjávrre-Guijaure-Vuoggatjålme,Arjeplog,52.0
12908,Silvervägen-Seldutvágge,Arjeplog,6.0
12907,Jurun-Vuoggatjålme,Arjeplog,27.0
4476,"Örsten Örefjärden-Snöanskärgården, vandringsled",Nordmaling,0.5
4473,"Skalmodal, markerad stig",Storuman,1.4
4466,"Lerfallet, vandringsled",Vindeln,0.5
4464,"Åvikskärret Innerviksfjärdarna, vandringsled",Skellefteå,0.3
4463,"Södra Innerviksfjärdarna, vandringsled",Skellefteå,0.6
4461,"Ostträsket, vandringsled",Skellefteå,1.5
4459,Snöan vandringsled,Umeå,1.0
4458,"Lidbergsgrottorna, vandringsled",Nordmaling,1.2
4454,"Björnberget, omarkerad vandringsled",Vilhelmina,12.0
497,Järnåldersturen,Härjedalen,1.5
131898,Cykelvägen Öregrund - Medväga,Falun,2.2
131770,Lillbergsleden,Storuman,1.6
131585,Kulturhistorisk vandringsled i Örviken,Skellefteå,3.0
129379,Karlbergsleden,Piteå,15.2
129281,Visjövalen - Storlien ,Åre,3.5
129279,Stenfjället,Åre,4.4
129277,Lyxlinjen,Åre,3.1
129276,Farfartjärn ,Åre,3.0
129275,Sandtjärnsrundan,Åre,6.8
129127,"Barmarksled, Halmmyran",Ånge,0.1
129126,"Barmarksled, Högklinten",Kramfors,1.2
129125,"Barmarksled, Ljusmorberget",Sundsvall,0.5
129124,Kraftleden,Sollefteå,2.3
129123,Anslutningstigen från entrén till stigslingorna,Timrå,0.4
129122,Skogsslingan,Timrå,4.4
129121,"Barmarksled, Stornäset",Sundsvall,0.2
129120,Västra stigen,Ånge,2.7
129119,Södra Mjällåslingan,Timrå,2.0
129118,Led till Norra Srenviken,Sundsvall,1.3
129117,Led till Rudtjärn och Finnviken,Sundsvall,2.7
129116,Norra Mjällåslingan,Timrå,9.3
129115,Stig från parkering,Timrå,0.4
129114,Led mellan Sanna och Norrhamn,Sundsvall,3.5
129113,Stigrunda Fågelsången,Timrå,1.8
129112,Anslutningsstigen till Västanå och norra parkeringen,Härnösand,1.8
129110,"Barmarksled, Klippens NR (utvidgning)",Sollefteå,0.6
129109,"Barmarksled, Åsens naturskog",Sundsvall,2.4
129108,Led till Tångviken,Sundsvall,1.8
129093,SCA-spåret,Piteå,9.9
129092,Eliasleden,Piteå,29.3
128884,Arkeologstigen,Piteå,7.8
128534,Vandringsstig Fingermanholmen,Piteå,3.1
128533,Vandringsstig Kalahatten,Piteå,1.5
128532,Vandringsstig Stor-Räbben,Piteå,2.9
128531,Vandringsstig Sandängesstranden,Piteå,5.4
127278,Alternativ stig runt klapperstensfält,Ockelbo,0.8
127112,SCA-spåret långa banan,Piteå,8.1
127110,Vandringsstig Borgarudden-Fyrtallen,Piteå,2.6
127109,Vandringsstig Lomtjärn,Piteå,1.5
127105,Vandringsstig Stenskär,Piteå,1.9
127103,Vandringsstig Fårön,Piteå,4.1
126975,Solanderleden Etapp 20,Luleå,9.7
126974,Solanderleden Etapp 19,Luleå,6.1
126973,Fäbodaleden Antnäs,Luleå,14.1
126972,Solanderleden etapp 18,Piteå,18.0
126971,Solanderleden etapp 17 Rosfors ekopark,Piteå,10.1
126969,Kälhedstigen Rosfors ekopark,Piteå,2.0
126968,Rötmyrstigen Rosfors ekopark,Piteå,0.8
126967,Rapptorpstigen Rosfors ekopark,Piteå,0.7
126966,Skoterleden till Fluggtjärnen Rosfors ekopark,Piteå,0.9
126965,Fluggtjärnsstigen Rosfors ekopark,Piteå,2.1
126964,Fårhagstigen Rosfors ekopark,Piteå,0.7
126963,Rosfors bruk stigar,Piteå,0.9
126962,Malmens väg Rosfors ekopark,Piteå,1.4
126937,Viknässtigen,Ånge,2.7
126936,Kyrkstigen,Ånge,1.9
126826,Storforsen Nature trails Älven,Älvsbyn,5.4
126825,Storforsen Nature Trails Brudforsen,Älvsbyn,5.0
126824,Storfors Nature Trails Connecting Trail,Älvsbyn,2.4
126823,Storforsen Nature Trails Heden,Älvsbyn,3.3
126819,Storforsen Byaled,Älvsbyn,8.6
126798,Vandringsstig Vargön,Piteå,9.4
126406,Natur & kulturstig Rörbäcksnäs,Sälen (Malung-Sälen),6.1
126405,Medskogshögen Rörbäcksnäs,Sälen (Malung-Sälen),1.9
126404,Klövjestigen Rörbäcksnäs - Kinnvallsjösätra,Sälen (Malung-Sälen),15.6
126257,Motionsslingan Kläppen,Sälen (Malung-Sälen),6.7
125419,Trailled Blå,Sälen (Malung-Sälen),3.2
125418,Trailled Röd,Sälen (Malung-Sälen),3.9
125408,Hinderbana Kläppen,Sälen (Malung-Sälen),3.5
125405,Toppleden Kläppen,Sälen (Malung-Sälen),2.0
125403,Vandringsled till Toppen,Sälen (Malung-Sälen),3.9
125400,Trollsterleden,Sälen (Malung-Sälen),1.8
125345,Köardalsleden,Sälen (Malung-Sälen),3.9
125344,Högfjällsturen,Sälen (Malung-Sälen),17.5
125332,"Hälsans stig, Nordmaling",Nordmaling,8.3
125299,Granfjällssätern,Sälen (Malung-Sälen),15.5
125295,Vertical Challange,Sälen (Malung-Sälen),2.2
125233,Tjärnheden Eljjusspår,Sälen (Malung-Sälen),5.4
125175,Södra Hemfjällssturen,Sälen (Malung-Sälen),10.9
125023,"Kari Traa-leden, Lindvallen",Sälen (Malung-Sälen),3.0
125003,Hemfjällstangen - Mellanfjällsstugan t.o.r.,Sälen (Malung-Sälen),5.4
124992,"Led mot Storfallet, södra sidan led 203 (sommarled, Oviksfjällen)",Åre,2.3
124956,Vandringsled Degersjön,Umeå,1.0
124955,Lördagsgraven,Sälen (Malung-Sälen),16.8
124825,Vandringsled Skarvsjömyrarna,Storuman,1.8
124729,Snögubben-Stensjön t.o.r.,Sälen (Malung-Sälen),3.0
124495,Gruvstigen,Skellefteå,18.0
124493,Risåleden,Skellefteå,5.0
124491,Fällforsleden,Skellefteå,4.0
124487,Lilla Naturstigen,Skellefteå,0.4
124480,Mullebostigen,Skellefteå,0.1
124450,Nasaleden,Skellefteå,82.0
124448,Lunch-Loven,Skellefteå,1.0
124447,Brännvattnets naturstigar,Skellefteå,8.0
124446,Kraftleden,Skellefteå,18.0
124445,Klintstigen,Skellefteå,1.0
124443,Kalvträsklederna,Skellefteå,50.0
124442,Hitta Vilsestigen,Skellefteå,0.3
124439,Renholmens kulturstig,Skellefteå,1.0
124437,Klintleden,Skellefteå,8.0
124435,Flottarstigen Sikån,Skellefteå,22.0
124434,Kulturvandring i Bissjön,Skellefteå,3.0
124432,Mineralleden,Skellefteå,16.0
123320,Vandringsled Laraborg,Åsele,3.3
123303,"Älvslingan, 6,5 km, Kläppen",Sälen (Malung-Sälen),6.5
123300,Älvpromenaden Stöten,Sälen (Malung-Sälen),1.0
123280,Vandringsled Stockholmsgata,Åsele,1.5
123276,Stöttingfjället Vandringsled Alsberget runt ,Vilhelmina,11.6
123217,"Östfjällsstugan t.o.r., Lindvallen",Sälen (Malung-Sälen),21.0
123200,"Barmarksled, Änga-Tjännåsen",Hudiksvall,11.1
123199,"Barmarksled, Rossåsens",Hudiksvall,1.0
123197,"Barmarksled, Stora Korpimäki",Ljusdal,22.0
123196,"Barmarksled, Börningsberget",Ljusdal,0.9
123195,"Barmarksled, Stora Korpimäki",Ljusdal,1.8
123194,"Barmarksled, Långbro",Hudiksvall,1.2
123193,"Barmarksled, Skämningsön",Gävle,2.3
123192,"Barmarksled, Hölick",Hudiksvall,0.5
123191,"Barmarksled, Flotthöljan",Hudiksvall,0.2
123188,Led parkering Ångbåtsbryggan - Agnmyren,Mora,0.5
123187,"Barmarksled, Björnån",Älvdalen,2.8
123131,Isälvsleden,Vindeln,53.6
121304,Vandringsleden i Vuono,Haparanda,15.0
114989,"Barmarksled, Fulufjället",Älvdalen,11.4
114988,"Barmarksled, Gryvelån",Älvdalen,3.1
114986,"Vandringsled, tillgänglighetsanpassad.",Mora,0.2
114985,Led av enklare typ,Mora,0.1
114983,Via Karl Lärkas stuga till parkering,Mora,1.2
114982,Ny led 2022,Rättvik,0.6
114981,"Barmarksled, Brändberget",Mora,2.7
114979,Old Tjikkoleden,Älvdalen,1.4
114978,Brynstigen,Älvdalen,2.4
114975,"Barmarksled, Gryvelån",Älvdalen,1.9
114972,Lilla slingan,Älvdalen,0.4
114971,"Barmarksled, Fulufjället",Älvdalen,8.9
114969,"Barmarksled, Gryvelån",Älvdalen,0.5
114968,"Barmarksled, Gryvelån",Älvdalen,0.1
114967,Myrstigen,Älvdalen,1.1
114965,"Barmarksled, Gryvelån",Älvdalen,4.6
114964,Gamla Lillfjätvägen,Älvdalen,6.1
114963,"Barmarksled, Långfjället-Städjan-Nipfjället",Älvdalen,2.5
114962,Nysundberget led från Kladden norrut,Sälen (Malung-Sälen),4.4
114961,"Barmarksled, Nysundberget",Sälen (Malung-Sälen),3.8
114959,"Barmarksled, Koppången",Orsa,2.1
114957,"Barmarksled, Anjosvarden-Stopån-Våmhuskölen",Mora,3.9
114955,Sommarled Blomtäkt - Slogbod Tunturi,Orsa,1.7
114924,Stöten - Närfjällsstugan,Sälen (Malung-Sälen),5.7
114339,Omledning vid Slåttdalsskrevan,Örnsköldsvik,0.4
107012,Led Ömtberget,Torsby,4.3
107010,"Barmarksled, Ålsjön",Söderhamn,0.7
103041,"Västibacken-rundan, Långhed",Ovanåker,3.0
103025,Kivijärvi ,Haparanda,0.7
101622,Badsjön runt,Storuman,1.0
99637,Eggaspåret 30 km,Ovanåker,8.6
97434,"Stig till fågeltorn, Mödänge våtmark",Bollnäs,0.6
95800,Kvarnudden - Sagberg,Söderhamn,1.3
95791,"Reflexbana 5,5km - Gul",Söderhamn,5.5
95789,Skatön Vandringsled,Söderhamn,3.2
95773,Vadslingan,Söderhamn,7.5
95771,Stormorstrailen,Söderhamn,8.0
95770,Stormorshällsslingan,Söderhamn,4.5
95768,Björnstigen,Söderhamn,3.0
95767,"Reflexbana 3,5km - Gul",Söderhamn,3.5
95743,Mostigen,Söderhamn,14.0
95741,Vandring upp på Kasberget,Söderhamn,0.6
95728,Tavelsjöleden etapp Kassjövägen - Stortavelsjön,Umeå,1.8
94071,Vårdbergsleden Vårdberget-Skatrevet,Söderhamn,6.4
94070,"Vårdbergsleden, Fridsbacka-Vårdberget",Söderhamn,8.9
94063,Pipsjöleden,Söderhamn,4.2
93529,"Vandringsled till Ersk-Jansaklitten, Älvkarhed",Ovanåker,0.7
93427,Turförslag Nysjön-Kurberget (2 dagar),Falun,32.2
89888,Korta slingan 1 km Skålsjögården,Ovanåker,1.0
89887,"Elljusspår, 2.3 km, Skålsjögården",Ovanåker,2.3
89886,"Fäbodslingan, 10.5 km, Skålsjögården",Ovanåker,10.5
89883,"Familjespåret 4,3 km Skålsjögården",Ovanåker,4.2
89233,Björnbergsstigen,Storuman,3.0
89216,Väretsfjället,Storuman,4.0
89166,Södra Sytertoppen,Storuman,24.0
89133,Jofjället,Storuman,4.1
89132,Gryttind,Hattfjelldal,3.0
89126,RÖNÄS-RÖSSVATTNET – GRÄNSLEDEN,Storuman,15.0
88582,Tre Vikar,Haparanda,12.1
88368,Tipsrunda ,Haparanda,2.4
87608,Naturstigen vinterled,Haparanda,2.6
87040,Kraftlinjen,Haparanda,4.4
86134,Vandringsstig Märkberget,Arjeplog,2.0
85757,Vandringsstig Snöberget,Luleå,2.2
84661,Naturumtest2,Ånge,0.1
84384,"Blomsterstigen (vandringsled, Storlien)",Åre,6.4
83637,"Silverfallet (vandringsled, Enafors)",Åre,5.0
83565,Genväg mellan Tärnättholmarna och Kuststigen mot Entré Nord,Örnsköldsvik,0.8
83384,Björkforsleden,Storuman,2.0
77348,"Kanalberget, avstickare Finnskogsleden",Bollnäs,0.8
74988,Hälsans stig – Skelleftehamn,Skellefteå,5.1
74987,Hälsans stig – Kåge,Skellefteå,5.0
74263,Byarna runt Junsele,Sollefteå,23.0
74184,Ensjölokarna Strövstig,Ljusdal,1.3
73981,Tio toppar Tavelsjö - Djupbäcksberget,Umeå,0.5
73979,Tio toppar Tavelsjö - Varmvattsberget,Umeå,0.7
73978,Tio toppar Tavelsjö - Vallberget,Umeå,0.8
73977,Tio toppar Tavelsjö -  Finkhörneberget,Umeå,1.7
73976,Tio toppar Tavelsjö - Krogberget,Umeå,0.5
73975,Tio toppar Tavelsjö -  Hemberget,Umeå,1.4
73974,Tio toppar Tavelsjö - Blomåkersberget,Umeå,1.1
73973,Tio toppar Tavelsjö -  Kludden,Umeå,2.1
73530,"Sommar- och vinterled, Fulufjället",Älvdalen,10.0
73525,"Sommarled, Fulufjället",Älvdalen,6.6
73391,Runt Lilla Rörsjön,Älvdalen,9.0
73263,Avstickare över Slåttdalsberget,Kramfors,1.5
72905,Vandringsled till utkikstornet vid Selsknösen,Vännäs,1.2
72282,"Barmarksled, Kläppaängarna",Ljusdal,0.6
72255,"Barmarksled, Järvsöklacken",Ljusdal,1.7
72253,"Barmarksled, Kläppaängarna",Ljusdal,3.0
72252,"Barmarksled, Kallmyr",Ljusdal,0.6
72251,"Barmarksled, Djupbäcken",Ljusdal,0.4
72250,Stigen mellan badvikarna och Kusö by,Gävle,3.2
72203,Pilgrimsled Röstabo - Loppkojan,Ovanåker,2.4
70728,Trappstigen Öjeberget,Ljusdal,0.5
70727,Kyrkön vandringsled,Ljusdal,2.4
70724,Björkvall,Ljusdal,6.3
70723,Mållång,Ljusdal,5.4
70722,Hälsans stig,Ljusdal,4.1
70721,Kolsvedjaberget vandringsled ,Ljusdal,3.0
70720,"Lesatten, Ramsjö",Ljusdal,7.1
70719,"Byrundan & elljusspår, Kårböle",Ljusdal,6.0
70718,Nötbergstoppen,Ljusdal,7.0
70717,Långrundan Kårböle,Ljusdal,18.0
70714,Kajevallsleden,Ljusdal,24.0
70711,"Byrundan Kårböle, långa",Ljusdal,5.0
70710,Byrundan Kårböle,Ljusdal,5.0
70709,Pårsgatan runt - aktivitetsrunda,Ljusdal,3.0
70707,Vallåsenleden,Ljusdal,10.0
70706,Prästvägen,Ljusdal,7.0
70705,Toppleden Färila,Ljusdal,6.0
70704,Ljusnanleden och Flottarstigen,Ljusdal,71.0
69400,"Vandringsstig kallkällan Bergmyran, Gallejaur",Arvidsjaur,0.1
69399,"Vandringsstig Getarbacken, Gallejaur",Arvidsjaur,0.6
69398,"Vandringsstig Bergmyran, Gallejaur",Arvidsjaur,6.0
69349,Lillfjällsleden,Dorotea,14.3
69113,"Gärdefjärden, vandringsled",Skellefteå,0.6
68023,Avstickare till Brynstensbrottet,Ljusdal,0.5
66768,Städjan-Rybäckskojan,Älvdalen,3.7
66765,Foskdalsvallen-Ulandsstugan,Älvdalen,9.7
66761,Storvätteshågna västerifrån,Älvdalen,7.9
66760,Södra Kungsleden,Älvdalen,22.7
66759,Södra Kungsleden,Älvdalen,20.1
66190,"Barmarksled, Filiberg",Mora,2.8
66140,"Barmarksled, Högsveden",Ockelbo,1.1
66129,"Barmarksled, Beriskölberget",Sälen (Malung-Sälen),1.4
66128,Led Beriskölberget,Sälen (Malung-Sälen),1.9
66127,Norrgårdssälens fäbodlags led,Mora,2.7
66125,Led Nysundberget/Kladden,Sälen (Malung-Sälen),1.7
66121,"Barmarksled, Kurbergsmyrarna",Falun,3.7
66116,"Barmarksled, Lindänget",Orsa,4.6
66114,"Barmarksled, Anjosvarden",Orsa,3.5
66107,"Barmarksled, Anjosvarden",Älvdalen,0.2
66105,"Barmarksled, Gessi",Älvdalen,0.2
66102,"Barmarksled, Söderberget",Mora,2.1
66099,"Barmarksled, Blyberget",Älvdalen,1.6
66092,"Barmarksled, Anderåsberget",Orsa,0.1
66081,"Barmarksled, Styggforsen",Rättvik,1.0
66079,Vildmarksleden,Älvdalen,4.6
66077,"Barmarksled, Långfjället-Städjan-Nipfjället",Älvdalen,3.7
66066,Städjan,Älvdalen,1.6
66063,Gränjåsvallen-Nipstugan,Älvdalen,7.4
66061,Nipstugan-Burusjön,Älvdalen,3.8
66060,Klutsjön-Ulandsstugan,Älvdalen,16.8
66057,Stig upp på Lillnipen,Älvdalen,0.6
66054,Morbäckssätern-Tangåstugan,Älvdalen,3.5
66046,Till Erik-Knutsåsen,Älvdalen,0.1
66015,Enåleden (Springkälleleden),Rättvik,5.2
66006,"Barmarksled, Norra Mora Vildmark",Mora,2.7
66004,"Barmarksled, Anjosvarden-Stopån-Våmhuskölen",Mora,2.7
66002,"Barmarksled, Anjosvarden",Orsa,4.3
65998,"Barmarksled, Långfjället",Älvdalen,3.9
65993,"Barmarksled, Långfjället",Älvdalen,2.5
65989,"Barmarksled, Långfjället",Älvdalen,1.7
65987,Silverfallet rundslinga,Älvdalen,5.4
65984,Grövelsjön-Sylen,Älvdalen,2.5
65983,Storvätteshågna österifrån,Älvdalen,5.1
65980,Foskdalen-Lövåsen,Älvdalen,7.1
65975,"Barmarksled, Långfjället",Älvdalen,2.9
65972,Spångkojan-Töfsingen,Älvdalen,8.3
65971,"Barmarksled, Långfjället",Älvdalen,1.2
65968,Storåleden,Älvdalen,14.3
65967,Fosksjön-Hävlingen,Älvdalen,4.3
65965,Storvätteshågna norrifrån,Älvdalen,7.3
65963,Storvätteshågna söderifrån,Älvdalen,9.4
65960,"Barmarksled, Långfjället",Älvdalen,3.5
65951,Sylen-Hävlingen,Älvdalen,6.1
65946,Anslutning Brottbäcken till Södra Kungsleden,Älvdalen,3.2
65945,Lövåsen - Foskros,Älvdalen,15.5
65940,Altarringen,Älvdalen,2.1
65938,"Barmarksled, Fulufjället",Älvdalen,19.7
65937,"Barmarksled, Fulufjället",Älvdalen,15.0
65931,"Sommarled, Tandövala",Sälen (Malung-Sälen),4.6
65928,"Sommarled, Tandövala",Sälen (Malung-Sälen),2.3
65927,"Barmarksled, Tandövala",Sälen (Malung-Sälen),6.0
65926,"Barmarksled, Fejmån",Sälen (Malung-Sälen),3.7
65915,"Barmarksled, Fulufjället",Älvdalen,11.5
65913,"Barmarksled, Fulufjället",Älvdalen,3.4
65906,"Barmarksled, Täxberg",Mora,4.5
65905,Södra Kungsleden,Älvdalen,11.6
65903,Södra vandringsleden till Hykjebergets utsiktsplats,Älvdalen,2.2
65902,"Barmarksled, Långfjället",Älvdalen,2.0
65899,"Barmarksled, Fulufjället",Älvdalen,17.0
65898,Nipfjället runt,Älvdalen,18.0
65896,"Barmarksled, Tjåberget",Orsa,5.3
65895,"Barmarksled, Näcksjövarden",Älvdalen,1.0
65892,"Barmarksled, Långtjärn",Orsa,0.4
65891,Vandringslinga,Orsa,0.3
65890,"Barmarksled, Tenningbrändan",Orsa,0.7
65887,ommarled Tunturi slogbod - Tunturi mast,Orsa,0.4
65885,Vägen parkering E45 - Blomtäkt,Orsa,1.9
65884,"Barmarksled, Tandövala",Sälen (Malung-Sälen),1.5
65882,"Barmarksled, Lybergsgnupen",Sälen (Malung-Sälen),2.8
65881,"Barmarksled, Gärdån",Sälen (Malung-Sälen),1.1
65878,Led Borbergsstigen,Sälen (Malung-Sälen),3.5
65875,Södra Kungsleden,Sälen (Malung-Sälen),9.7
65867,Sälenringen,Sälen (Malung-Sälen),36.8
65866,Norra Sälenringen,Sälen (Malung-Sälen),28.3
65860,Södra Kungsleden,Älvdalen,11.8
65857,Södra Kungsleden,Älvdalen,28.6
65856,Drevdagen - Flötningen,Älvdalen,15.9
65854,Södra Kungsleden,Älvdalen,28.5
65841,"Barmarksled, Näcksjövarden",Orsa,0.9
65839,"Barmarksled, Lybergsgnupen",Sälen (Malung-Sälen),1.9
65836,"Barmarksled, Svinvallen",Mora,0.7
65835,Led Östra Almberget,Sälen (Malung-Sälen),1.1
65832,"Barmarksled, Tramsgrav",Älvdalen,3.6
65828,Led till naturminnet,Rättvik,0.1
65825,Gångstig från Skeer,Orsa,0.3
65821,"Barmarksled, Tandövala",Sälen (Malung-Sälen),5.8
65820,"Barmarksled, Våmhuskölen",Orsa,5.7
65816,"Barmarksled, Nordbläster",Mora,1.6
65815,"Barmarksled, Våmhuskölen",Orsa,5.8
65814,"Barmarksled, Tramsgrav",Älvdalen,0.6
65811,"Barmarksled, Tramsgrav",Älvdalen,0.2
65810,Våckelberget vandringsled,Falun,2.4
65789,"Barmarksled, Svinvallen",Mora,2.6
65786,Vandringsled till Hykeberget utsiktsplats från huvudentrén,Älvdalen,0.9
65382,"Barmarksled, Mellanljusnan",Ljusdal,0.3
65053,"Längdåkning OK Forsarna 2,5 km",Ragunda,2.5
65052,"Längdåkning OK Forsarna, 8:an",Ragunda,7.7
65050,Anslutningsspår OK Forsarna ,Ragunda,0.2
65036,Aftonro-stigen,Ovanåker,2.3
65025,"Vandringsled Bygata, Ammer",Ragunda,3.4
65024,"Vandringsled Gulmålestigen, Ammer",Ragunda,6.6
65023,"Förbindelseled Bergevägen, Ammer",Ragunda,0.7
65022,"Vandringsled Rödsandberget, Ammer ",Ragunda,7.0
65021,"Vandringsled Blåhälleberget, Ammer",Ragunda,2.5
65017,"Vandringsled Kyrkholmarna, Ammer ",Ragunda,6.0
65016,"Vandringsled Ammeråmynne, Ammer  ",Ragunda,2.4
64875,"Vandringsled Strandpromenad samt Stadsberget, Krångede",Ragunda,3.8
64874,"Vandringsled Pilgrimsleden, Krångede ",Ragunda,5.2
64872,"Vandringsled Borgsjön runt, Borgvattnet",Ragunda,12.1
64871,"Kvarnåns vandringsled, Utanede",Ragunda,1.1
64869,"Vandringsled Järåstigen, Bispgården",Ragunda,5.6
64868,"Vandringsled Geologistigen, Bispgården",Ragunda,3.9
64866,"Vandringsled Blomstigen, Bispgården",Ragunda,1.8
64860,Vandringsled Böle-Hoo,Ragunda,12.2
64852,Vandringsled Pålgårdsleden ,Ragunda,3.8
64851,Vandringsled Kullsta fäbodar Hammarstrand,Ragunda,16.0
62084,"Vandringsled Kullstabergsleden, Hammarstrand ",Ragunda,7.6
62083,"Vandringsled Vättabergsleden, Hammarstrand ",Ragunda,5.6
62081,"Vandringsled Älvleden, Stugun",Ragunda,9.8
62080,"Vandringsled Vågenleden, Stugun ",Ragunda,8.8
62079,"Vandringsled Byleden, Stugun ",Ragunda,6.5
62077,Vandringsled Stugubergetleden,Ragunda,4.9
59757,Stigen till Nävernäsan,Sollefteå,4.6
58332,Stig upp på Itjarberget,Falun,1.1
58143,Våckelberget markerade leder,Falun,2.0
58135,Slipsikstugan - Jämtland,Strömsund,1.0
58134,Stekenjokkvägen - Tjåkkelestugan,Vilhelmina,18.7
58132,Norska gränsen - Remdalen,Vilhelmina,4.9
58131,Åtnikstugan - norska gränsen,Hattfjelldal,5.5
57967,Skogscykelstig: Grustaget - grusväg - Bastukojan,Överkalix,5.0
57593,Skogscykelstig: Björkådammskojan - Jockselet,Överkalix,6.0
57578,Holmsberget ,Sollefteå,4.6
57050,"Gröntjärnsslingan 7,5 km",Hudiksvall,7.5
56997,"Vikenbanan MTB, Crossbanan Viken",Ovanåker,3.8
56847,Skallabergsstigen,Ovanåker,0.7
55694,Bybergsleden i Edsele,Sollefteå,1.7
55420,Trollmors stig,Ovanåker,0.25
54426,Vandringsled Stor-Almselberget,Åsele,1.1
54419,Vandringsled Kyrkberget,Storuman,0.7
54412,Vandringsled Kvarnbäcken,Sorsele,0.9
54404,Vandringsled Sjulsmyran,Robertsfors,0.6
54400,Vandringsled Tavasten,Umeå,4.5
54081,Pilgrimsleden Skålsjön-Älvkarhed,Ovanåker,21.0
54025,"Åsen 1,5 km",Ovanåker,1.5
53446,Stigen till Rången via Mejerstjärn,Ånge,8.1
53432,Höga kustenleden,Örnsköldsvik,3.7
53319,Höga kustenleden,Örnsköldsvik,6.6
53317,"Barmarksled, Halsviksravinen",Kramfors,1.0
53290,Stig till bastu,Kramfors,0.1
53289,Stig till Klubbviken,Kramfors,0.2
53106,Stigen från Kniptjärn till Rången via Abbortjärn,Bräcke,2.2
53094,Stigen på Smackgrundet,Timrå,0.7
53093,Stigen till gömslena,Sundsvall,0.7
53024,"Barmarksled, Örasjöbäcken-Storsvedjan",Timrå,4.6
52858,Stig kajen - fyrplatsen,Kramfors,0.4
52823,Stigslinga,Örnsköldsvik,2.6
52643,Naturstigen Junsele,Sollefteå,9.1
52629,Fäbostigen vandring,Sollefteå,10.0
52619,Korta spåret på Gårdtjärnsberget,Ovanåker,2.5
52604,Stigen på Ungmans,Ovanåker,0.5
52316,"Elljusspår, Nordanå, Alfta, 2,8 km",Ovanåker,2.8
52126,Led till Trefalldighetsdalen,Sollefteå,2.8
52000,Multråberget,Sollefteå,5.0
51875,Stig till Storklacken,Ånge,1.5
51725,Trolltjärnen vandringsled,Lycksele,3.8
51724,Månsberget vandringsled,Dorotea,0.9
51517,"Promenadslinga Ljungaverk 1,5 km",Ånge,1.5
51516,"Promenadslinga Ljungaverk 5,3 km ",Ånge,5.3
51509,Sutme - Storfallet - Sodtme (Sutme) samevsite,Dorotea,1.2
51477,Vandringsled Rödingsjö,Dorotea,2.7
51150,Vandringsled till Stafsbergsstugan från Grannäsvägen,Ovanåker,2.2
35171,"Barmarksled, Kärmsjöbäcken",Sollefteå,0.1
35143,"Barmarksled, Hamra",Ljusdal,10.0
35057,"Barmarksled, Hummelvik",Örnsköldsvik,2.6
35027,"Barmarksled, Granbodåsen",Ånge,0.4
35024,Gula leden - stigslinga på Smackgrundet,Timrå,3.3
35023,"Barmarksled, Lövlund",Sollefteå,0.8
35016,"Barmarksled, Icktjärnsberget",Kramfors,5.1
35015,Östra stigen,Ånge,1.3
35011,"Barmarksled, Storberget",Sundsvall,1.8
35010,"Barmarksled, Vändåtbergets naturreservat",Örnsköldsvik,2.0
35008,"Led på snö, Pärmsjöskogen",Örnsköldsvik,1.4
35007,"Barmarksled, Kålhuvudet",Örnsköldsvik,1.6
35006,"Barmarksled, Bågaliden",Örnsköldsvik,1.0
35005,"Barmarksled, Gudmundstjärn",Sundsvall,0.2
35002,"Barmarksled, Högklinten",Kramfors,0.5
35001,"Barmarksled, Edsbodskogen",Kramfors,1.6
34994,Tillgänglighetsanpassad träramp,Kramfors,0.1
34993,"Barmarksled, Högklinten",Kramfors,0.9
34941,"Barmarksled, Rotsidan",Kramfors,0.1
34940,Stig till grottan,Kramfors,0.2
34927,"Barmarksled, Skuleberget",Kramfors,0.3
34916,Stig till enkel rastplats,Kramfors,0.7
34915,"Barmarksled, Skallberget",Örnsköldsvik,0.1
34912,"Barmarksled, Hemlingsån",Örnsköldsvik,1.5
34867,"Barmarksled, Jämtgaveln",Ånge,0.1
34865,Tillgänglighetsanpassad stig över brandfältet till Värsjön,Ånge,0.2
34705,Pensionatet i Dal,Kramfors,2.6
34703,Gravrösen,Örnsköldsvik,0.3
34702,Gravfältet,Örnsköldsvik,0.4
34701,Näskebodarna,Örnsköldsvik,2.2
34700,Tärnättholmarna,Örnsköldsvik,1.3
34699,Grottstigen,Örnsköldsvik,0.8
34698,Kuststigen,Kramfors,5.6
34697,Kälsviken,Kramfors,1.3
34696,Långtjärnshällorna,Örnsköldsvik,1.4
34695,Lill-Ruten,Örnsköldsvik,0.6
34694,Nylandsruten,Örnsköldsvik,1.3
34693,Skrattabborrtjärn,Örnsköldsvik,2.0
34692,Stampberget,Kramfors,2.4
34691,Ävdalen,Kramfors,3.8
34664,Stig till utsiktsberget,Örnsköldsvik,0.4
34633,Stigen till toppen och utsikt,Kramfors,0.3
34626,Stigar i reservatet,Sollefteå,1.1
34592,"Barmarksled, Skallberget",Örnsköldsvik,1.6
34591,"Barmarksled, Skallberget",Örnsköldsvik,1.4
34573,"Barmarksled, Lillsjöslåttern",Örnsköldsvik,2.1
34555,Tillgänglighetsanpassad gångväg ut på udden,Sundsvall,1.5
34522,Stigen runt på Kalven,Sundsvall,1.8
34459,Stigen till utsiktstornet och raststugan,Sollefteå,0.5
34405,"Barmarksled, Skallberget",Örnsköldsvik,2.1
34403,Utsiktsnipans stig,Sollefteå,0.7
34400,"Barmarksled, Kärmsjöbäcken",Sollefteå,0.3
34385,Stigen mot Stornäskajen,Sundsvall,1.1
34368,stigen till Långören,Sundsvall,1.2
34366,stigen till Gullersviken,Sundsvall,0.5
34364,Stigen till Klinten,Sundsvall,0.5
34361,stigen till Grönviken,Sundsvall,0.1
34359,"Barmarksled, Habborskullarna",Kramfors,0.2
34277,Enklare vandringsled runt Bjursjön,Sollefteå,2.0
34267,Gammal flottledsstig mellan Långsjön och Bjursjön,Sollefteå,2.1
34251,"Barmarksled, Stockholmsgatorna",Örnsköldsvik,1.3
34184,Stigslinga i reservatet,Ånge,5.7
34148,"Barmarksled, Mossaträsk-Stormyran",Örnsköldsvik,2.2
34101,Klubbsjön runt,Härnösand,2.6
34063,stigen till reservatet,Sollefteå,0.6
34054,Leder till Kalvsundet,Sundsvall,3.7
34053,stig till vindskydd,Ånge,0.1
34031,Norra stigen,Ånge,1.7
33929,Stigen till toppen av Storklocken,Ånge,1.5
33925,Stigen genom reservatet,Sollefteå,2.6
33922,"Barmarksled, Lillsjöslåttern",Örnsköldsvik,0.6
33918,Jämtgaveln runt,Ånge,19.0
33914,Övriga stigar,Ånge,5.6
33899,"Barmarksled, Navarån",Sundsvall,1.7
33897,Grottstigen,Härnösand,1.8
33895,Stigen till Björnviken och Storviken,Örnsköldsvik,2.8
33893,Stigslinga i reservatet,Sollefteå,3.1
33818,"Barmarksled, Uvsjön",Örnsköldsvik,0.8
33815,Stigen,Sundsvall,2.3
33810,Nipleden,Sollefteå,2.0
33805,Stigen på västra sidan älven,Sollefteå,1.8
33803,Stigen till Björntjärn,Ånge,0.4
33776,"Barmarksled, Vällingsjö urskog",Sollefteå,5.9
33763,Stigslinga i reservatet,Sollefteå,1.8
33688,"Barmarksled, Halsviksravinen",Kramfors,1.3
33648,Stigen på östra sidan älven,Sollefteå,1.2
33635,Leden över Klubberget,Härnösand,0.5
33632,Geologistigen långa,Härnösand,1.7
33631,Geologistigen korta,Härnösand,2.1
33630,"Barmarksled, Stormyran på Ulvön",Örnsköldsvik,2.8
33629,stigslinga i reservatet,Ånge,0.3
33624,"Barmarksled, Kålhuvudet",Örnsköldsvik,4.6
33623,Stig runt vattenfallet,Härnösand,0.8
33619,"Barmarksled, Halsviksravinen",Kramfors,0.4
33617,"Sommarled, Övre Sulån",Sundsvall,0.5
33609,"Barmarksled, Mjältön",Kramfors,0.6
33607,markerad stig,Kramfors,3.2
33606,Norra leden mot Älgberget,Kramfors,2.3
33604,Björnbergsrundan,Kramfors,2.3
33603,"Barmarksled, Herrbergsliden",Örnsköldsvik,3.5
33602,Stigslinga genom reservatet,Härnösand,1.9
33601,"Barmarksled, Mjältön",Kramfors,2.5
33599,Vägen/stigen till Västeråsen,Kramfors,0.4
33584,Stigen till Raskbodstugan från Avavägen,Ånge,1.7
33579,"Barmarksled, Skuleberget",Kramfors,5.5
33575,Tillgänglighetsanpassad led till Klubbsjön,Härnösand,0.9
33567,"Barmarksled, Ålsjön",Söderhamn,0.6
33562,"Barmarksled, Trolltjärn",Örnsköldsvik,1.1
33560,Stigslinga på Haverön,Ånge,0.7
33557,Väg genom hamnområdet till Bockviken,Örnsköldsvik,1.1
33556,"Stigen ""väst på ön""",Örnsköldsvik,3.1
33543,Stig till Trefaldighetsdalen och källan,Sollefteå,0.5
33538,"Barmarksled, Rotsidan",Kramfors,5.5
33535,"Barmarksled, Sönnasjöbergen",Sundsvall,2.2
33527,Stig,Örnsköldsvik,0.8
33526,"Sommarled, Hummelvik",Örnsköldsvik,1.4
33524,Stigen till fågeltornet,Örnsköldsvik,0.4
33521,Stigar i Gideåbergsmyrarna,Sollefteå,2.2
33517,Stigen längst Brånsån,Härnösand,1.0
33511,"Barmarksled, Sundsjöåsen",Sundsvall,4.3
28530,"Tre toppar vandringsled, Rättvik",Rättvik,7.5
27958,"Gausjosjöns sameviste, vandringsled",Storuman,2.4
27957,Umasjö - Jirestugan - Glimmerstugan,Storuman,11.5
27940,Borkasjö - Blerikstugan - Kittelfjäll,Vilhelmina,31.4
27939,Fatmomakke - Marsfjällskåtan - Marsfjällets topp,Vilhelmina,12.5
27895,Fatmomakke - Marsfjällskåtan - Blerikstugan - Fatmomakke,Vilhelmina,34.9
27891,Kittelfjäll - Blerikstugan,Vilhelmina,11.7
27890,Matsdal - Storknoppen - Vaellientjahke,Vilhelmina,1.5
27887,Kanan - Bullerfallet,Vilhelmina,1.9
27882,Forsmark - Lappstugan - Matsdal,Vilhelmina,16.9
27830,"Gärdefjärden, vandringsled",Skellefteå,1.5
27829,Vandringsled Tjäderberget,Lycksele,2.6
27583,Utter-fars sten,Falun,4.0
27575,Stig till Grossbergs kyrka,Falun,0.4
26516,Långbergskullarna vandringsled,Umeå,3.1
26122,Svågaleden delsträcka,Hudiksvall,9.8
25698,Gierevaartoe - blomsterfjället,Storuman,2.7
25315,Vandringsled Stor-Bränntjärnmyran,Vindeln,6.8
25299,Vandringsled Kylören Örefjärden-Snöan,Umeå,0.6
24789,Tärnaleden från Tärnaby Fjällhotell via Tärnaby Camping och Solberg - anslutningsled till Kungsleden,Storuman,7.5
24100,Rundtur Syterbäcken,Storuman,10.0
24090,Storkittelhobben/ Kungsliftens toppled,Storuman,2.0
23644,Laxfjället från Tärnaby Fjällhotell,Storuman,2.3
23643,Ryfjället/ Ryjvejegaejsie,Storuman,4.0
23268,Led till Atoklimpens topp,Storuman,4.0
23155,Hälsans stig,Östersund,6.6
22602,Gammelskogsturen Valmen - Nyvallen,Härjedalen,6.7
22452,Klinken - Långbrottsjön - Fjällnäs,Härjedalen,17.1
22451,Tänndalen - Skedbrostugan,Härjedalen,19.7
22450,Skedbrostugan - Reva (Norska gränsen),Härjedalen,5.2
22446,Svansjökläppen - Rödfjället,Härjedalen,13.4
22445,Bruksvallarna - Fjällnäs,Härjedalen,15.1
22444,Ramundberget - Ösjöstugan - Svalåtjärn - Tänndalen,Härjedalen,21.5
22443,Långbrottsjön - Bruksvallarna,Härjedalen,9.6
22442,Skenörsfjället - Hamrafjället,Härjedalen,6.2
22342,Vikhammer - Nidarosdomen,Trondheim,10.0
22341,Nyhus - Vikhammer,Trondheim,19.0
22339,Værnes - Nyhus,Malvik,19.0
22338,Borås - Værnes (Stjørdal),Stjørdal,21.0
22337,Markabygda - Borås,Stjørdal,23.0
22336,Munkeby - Markabygda,Levanger,24.0
22335,Stiklestad - Munkeby,Levanger,21.0
22334,"Vuku - Stiklestad, vandring",Verdal,11.9
22333,"Sul - Vuku, vandring",Verdal,27.3
22332,"Skalstugan - Riksgränsen - Sul, vandring",Verdal,21.3
22125,"Åre - Tännforsen, vandring",Åre,21.7
21864,"Siljansleden, Gesunda till Mångberg",Mora,4.6
21250,"Medstugan - Skalstugan, vandring",Åre,10.6
21249,"Pilgrimstad - Brunflo, vandring",Bräcke,22.6
21246,"Sagostigen, Kittelfjäll",Vilhelmina,1.9
21214,Hemavan - Lilla Murtsertoppen,Storuman,4.5
21212,"Hålland - Åre, vandring",Åre,25.3
21210,"Naturstig Sågátje/Sakkats Vindelfjällen, 4 km",Storuman,4.0
21209,"Naturstig Sågátje/Sakkats Vindelfjällen, 2 km",Storuman,2.0
21208,"Mörsil - Hålland, vandring",Åre,19.1
21198,"Alsen - Mörsil, vandring",Åre,25.7
21195,"Rödön - Nälden, vandring",Krokom,18.1
21189,"Östersund - Rödön, vandring",Krokom,19.5
21188,"Brunflo - Östersund, vandring",Östersund,14.8
21186,"Gällö - Pilgrimstad, vandring",Bräcke,19.4
21178,"Bräcke - Gällö, vandring",Bräcke,27.6
21177,"Länsgränsen - Bräcke, vandring",Ånge,19.6
21170,Matfors - Stöde,Sundsvall,26.6
21169,Selånger - Matfors,Sundsvall,17.4
20467,"Avstickare till Skuleberget, södra stigen",Kramfors,2.6
20466,Avstickare till Körningsberget,Kramfors,0.2
20465,Avstickare till Varvsberget,Örnsköldsvik,0.6
20464,Avstickare till Balesudden,Örnsköldsvik,2.2
20463,Avstickare till Köpmanholmens kaj,Örnsköldsvik,3.0
20461,Avstickare till Kälsviken,Kramfors,1.2
20460,Avstickare till Dalsjöfallet,Kramfors,1.8
20458,Avstickare till Per-Olsbo-vindskyddet,Kramfors,0.4
20457,Avstickare till Fäberget,Kramfors,2.3
20455,Avstickare till Nordingråvallen,Kramfors,0.7
20454,Avstickare till Lappudden camping,Kramfors,0.4
20453,Avstickare till Rödklitten,Kramfors,0.7
20452,Avstickare till Älgaberget,Kramfors,0.2
20451,Avstickare till Nipstugan,Kramfors,0.2
20450,Avstickare till Hörsångs Havsbad och Camping,Kramfors,1.9
20449,Avstickare till Fjärdbotten,Kramfors,0.5
20448,Avstickare till Rödhällorna,Kramfors,0.4
20447,Avstickare till Valkallens topp,Kramfors,2.3
20446,Avstickare till Sjöbodviken,Kramfors,0.2
20276,Gördalen - Brottbäcksstugan,Älvdalen,18.7
20275,Drevdagen - Gördalen,Älvdalen,44.4
19796,"Sylarna-Blåhammaren, Jämtlandstriangeln",Åre,18.1
19792,"Storulvån-Sylarna, Jämtlandstriangeln",Åre,15.9
19788,"Blåhammaren - Storulvån, Jämtlandstriangeln",Åre,12.0
19460,Vandringsled Bergsjöberget,Nordmaling,1.3
18853,Järnäsudden Örefjärden-Snöanskärgården vandringsled,Nordmaling,2.1
18846,Storklubben Örefjärden-Snöanskärgården vandringsled,Nordmaling,0.7
18845,Vandringsled Orrböle,Vännäs,1.6
18570,"Vandringsstig Delliknäs, Laisdalen",Arjeplog,4.9
18564,"Vandringsstig Veddekstugan, Laisdalen",Arjeplog,4.0
18561,"Vandringsstig Björnstigen, Lasidalen",Arjeplog,4.3
18456,"Vandringsstig Kyrkstigen, Reivo",Arvidsjaur,11.0
18455,"Vandringsstig Södra Paljavare, Reivo",Arvidsjaur,2.4
18454,"Vandringsstig Guorbbåjvvie, Reivo",Arvidsjaur,3.3
18453,"Vandringsstig Storliden, Reivo",Arvidsjaur,1.9
18446,"Vandringsstig brandfältet, Reivo",Arvidsjaur,1.7
18443,"Vandringsstig till Kyrkstigen, Reivo",Arvidsjaur,0.5
18410,"Vandringsstig, Skogsmuseet Storforsen",Älvsbyn,0.4
18408,"Vandringsstig genväg, Storforsen",Älvsbyn,0.3
18407,"Vandringsstig, Storforsen",Älvsbyn,1.2
18405,"Vandringsstig uppströms, Storforsen",Älvsbyn,1.4
18404,"Vandringsstig uppströms, Storforsen",Älvsbyn,0.3
18344,"Vandringsstig kulturlämning, Lamburträsket",Arvidsjaur,0.13
18343,"Vandringsstig järvtallen, Lamburträsket",Arvidsjaur,2.0
18342,"Vandringsstig källan, Lamburträsket",Arvidsjaur,0.05
18341,"Vandringsstig övernattningsstugan, Lamburträsket",Arvidsjaur,0.5
18340,"Vandringsstig norra fågeltornet, Lamburträsket",Arvidsjaur,0.15
18339,"Vandringsstig södra fågeltornet, Lamburträsk",Arvidsjaur,0.05
18338,"Vandringsstig genväg, Lamburträsket",Arvidsjaur,0.2
18272,Nakteberget vandringsstig,Arvidsjaur,3.0
18252,"Vandringsstig Kråkskärsviken - Storviken, Kluntarna",Luleå,0.6
18251,"Vandringsstig Stora slingan, Kluntarna",Luleå,3.0
18250,"Vandringsstig fiskeläget, Kluntarna",Luleå,0.7
18249,"Vandringsstig genväg södra, Kluntarna",Luleå,0.14
18248,"Vandringsstig genväg norra, Kluntarna",Luleå,0.06
18210,"Vandringsstig Notvikens station, Gammelstadsviken",Luleå,3.0
18138,"Vandringsstig Abborrtjärnen till Lill-Brännträsket, Lustgården",Piteå,2.2
18137,"Vandringsstig rastplats Lill-Brännträsket, Lustgården",Piteå,0.7
18136,"Vandringsstig Lill-Brännträsket till norra gränsen, Lustgården",Piteå,0.4
18135,"Vandringsstig Naturstig, Lustgården",Piteå,0.6
18124,"Vandringsstig traktorväg, Isovaara",Övertorneå,2.1
18123,Vandringsstig Isovaara,Övertorneå,1.0
18102,Flötningen - Perssätern (ny),Älvdalen,4.4
18015,"Vandringsstig Roanntjájaure, Serri",Jokkmokk,6.0
18014,"Vandringsstig Ammatjärnsleden, Serri",Jokkmokk,4.5
18013,"Vandringsstig Roanntjásvárre, Serri",Jokkmokk,3.6
18012,"Vandringsstig Gåsmyrtjärn östra, Serri",Jokkmokk,4.7
18011,"Vandringsstig Gåsmyrtjärn västra, Serri",Jokkmokk,4.0
18010,"Vandringsstig Slakkasjön, Serri",Jokkmokk,0.5
17899,"Vandringsstig, västra slingan, Bälingeberget",Luleå,2.8
17882,"Vandringsstig Vänortsvägen, Gammelstadsviken",Luleå,1.9
17881,"Vandringsstig Notviksgrönnan, Gammelstadsviken",Luleå,0.4
17880,"Vandringsstig Haparandavägen, Gammelstadsviken",Luleå,1.3
17879,"Vandringsstig Hägnan, Gammelstadsviken",Luleå,4.4
17862,"Vandringsstig till grottan, Bälingeberget",Luleå,0.2
17861,"Vandringsstig, ""genvägen"", Bälingeberget",Luleå,0.3
17860,"Vandringsstig, östra slingan, Bälingeberget",Luleå,2.2
17404,Vandringsled Strömbäck-Kont,Umeå,13.3
17403,Vandringsled Strömbäck-Kont,Umeå,13.2
17341,"Ammarnäs-Långflytje, Ammarnäs närleder",Sorsele,8.5
17337,"Biergienas-Ågguovárrie, Ammarnäs närleder",Sorsele,0.0
17333,"Dåruotjåhkka-Sorgestjärnarna-Årjiele Biergienas, Ammarnäs närleder",Sorsele,8.3
17332,"Biergienas-Dávtájávrrie, Ammarnäs närleder",Sorsele,6.2
17077,"Vandringsstig Stenträskflygget, Vittjåkk-Akkanålke",Arvidsjaur,1.3
17076,"Vandringsstig motionsspår 3 km., Vittjåkk-Akkanålke",Arvidsjaur,3.0
17075,"Vandringsstig motionsspår 5 km, Vittjåkk-Akkanålke",Arvidsjaur,5.0
17074,"Vandringsstig motionsspår 15 km, Vittjåkk-Akkanålke",Arvidsjaur,15.0
17073,Vandringsstig anslutning Akkanålke,Arvidsjaur,1.3
17072,"Vandringsstig Áhkánålggie runt, Vittjåkk-Akkanålke",Arvidsjaur,3.7
17071,Vandringsstig Vittjåkk-Akkanålke,Arvidsjaur,1.9
17016,"Tysjöarna, vandringsled",Krokom,8.9
14218,"Småfjällen-Gieråjvvie-Stabburet-Rävfallsstugan-Aitenjas-Guolets, Närleder Ammarnäs",Sorsele,44.5
14113,Kraddsele -Gubmie,Sorsele,13.3
14066,"Tjulträsk-Gáisátj-Vállienjuoná-Karsbäcken, Närleder Ammarnäs",Sorsele,21.6
14050,"Aigertstugan-Juovatjåhkka-Vuomatjåhkka-Tjulträsken-Tjulån, Närleder Ammarnäs",Sorsele,46.6
14044,Sodtme sameviste-Slipsiken,Strömsund,11.7
14042,Marsliden - Marsfjällskåtan eller Marsfjällets topp,Vilhelmina,15.6
14041,Kanan-Virisen-Gränssjö,Storuman,52.0
13976,Saxnäs - Lill-Månkes koja - Rissjö,Vilhelmina,26.4
13975,"Konstleden, Saxnäs - Ateljén - Gaalloe - Borgafjäll",Dorotea,15.9
13973,Matsdalsvägen - Klitvallens sameviste,Vilhelmina,8.2
13972,Kittelfjäll - Björnkullen - Grönfjäll,Vilhelmina,11.6
13971,Tjåkkelestugan - Stekenjokkvägen,Vilhelmina,7.3
13967,Tjåkkelestugan - Skible - Ljusliden - Ransarudden - Ransarviken,Vilhelmina,30.0
13966,Gielas - Ransarluspen,Vilhelmina,18.5
13965,Fättjaur - Silisen - Valfjället - Grönfjället - Grantonsskalet - Grönfjäll,Vilhelmina,24.0
13963,Vardofjäll - Ljusliden,Vilhelmina,12.9
13962,Fättjaur - Granån,Vilhelmina,12.2
13961,Henriksfjäll - Grönfjäll - Klitvallens sameviste - Matsdal,Vilhelmina,15.7
13960,Kraddsele - Sandträsket - Viktoriakyrkan - Boksjön,Sorsele,46.4
13959,Kraddsele - Gubmie - Luvllie Grävnná - Juhkagasska,Sorsele,23.4
13958,Länsgränsen - Breäjrájávrrie - Norra Ammarnäs,Sorsele,22.4
13956,Ammarnäs - Aivak - Vatjostugan - Biellojaure - Siambäcken (N. Fjällnäs),Storuman,48.4
13955,Tjulträsk (Dårraudden) - Biellojaure,Sorsele,21.7
13953,Tjulträsk - Rödingvik - Servestugan,Sorsele,12.6
13952,Åjkije - Lill-Tjulträsket,Sorsele,16.6
13950,Syterstugan - Siambäcken (Norra Fjällnäs),Storuman,15.7
13949,Solberg - Stabre - anslutning Kungsleden,Storuman,12.6
13948,Laisaliden - Murtsertoppen - Vallentjåkke rastskydd - anslutning Kungsleden,Storuman,14.1
13947,Västra Syterbäcken - Blå vägen,Storuman,4.1
13946,Syterstugan - Norra Sytertoppen - Viterskalsstugan,Storuman,12.6
13945,Umasjö - Syterstugan,Sorsele,20.2
13944,Norska gränsen (Lill-Uman) - Mjölkbäcken,Storuman,7.4
13943,Dalavardo - Skidbäcksstugan - Åjkije - Tärnasjöstugorna,Sorsele,50.7
13920,"Vandringsstig Oarjemus Stubbá (Sörstubba), Muddus/Muttos",Gällivare,1.0
13919,"Gällivare-Porjus, Rallarstigen",Gällivare,44.0
13917,"Vandringsstig Asjkasjfallet, Muttosbálges/Muddusleden",Jokkmokk,0.1
13704,"Vandringsstig Nammavárrestugan, Muttosbálges/Muddusleden",Jokkmokk,1.0
13703,"Vandringsstig Lijnávárre-Manson, Muttosbálges/Muddusleden",Gällivare,6.4
13702,"Vandringsstig Sárggavárre-Boargáljávrre, Muttosbálges/Muddusleden",Jokkmokk,5.5
13701,"Lilla stigslingan, Muttosbálges/Muttosleden",Jokkmokk,24.0
13700,"Stora stigslingan, Muttosbálges/Muddusleden",Jokkmokk,45.0
13520,Vägen till Prästbodarna,Falun,8.0
13208,Blaikfjället naturstig Sagatun,Dorotea,3.2
13207,Hässningberget vandringsled,Umeå,2.7
12911,Guijaure-Verdejaure,Arjeplog,26.0
12906,Silvervägen-Mavas,Arjeplog,29.0
12903,"Pieskehaure-Darreädno, Nordkalottleden",Jokkmokk,40.0
12902,"Stáddájåhkå-Mavas, Nordkalottleden",Arjeplog,54.0
12901,"Tarrekaise-Kvikkjokk, Nordkalottleden och Padjelantaleden",Jokkmokk,22.0
12900,"Darreluoppal-Såmmarlappa-Tarrekaise, Padjelantaleden",Jokkmokk,28.0
12898,"Stáddájåhkå-norska gränsen, Nordkalottleden",Jokkmokk,10.5
12894,Aktse-båtbrygga vid Guolleluoppal,Jokkmokk,6.0
12553,Skålliden stig,Sorsele,1.1
12551,Strömbäck-Kont vandringsled,Umeå,1.4
12550,Grössjön vandringsled,Umeå,8.2
12548,Maltberget stig,Lycksele,0.4
12543,Starrberget vandringsled,Vännäs,1.1
12147,Forsaleden,Bräcke,7.0
11286,Vorrberget vandringsled,Vindeln,0.6
7356,Bjuröklubb vandringsled Fornstigen,Skellefteå,0.3
5671,Luspberget vandringsled,Storuman,2.2
5670,Trollberget vandringsled,Lycksele,0.3
5669,Rusklidtjärn vandringsled,Lycksele,0.7
5668,Björktjärnskammen vandringsled,Lycksele,2.6
5667,Kronören Långron vandringsled,Nordmaling,1.6
5666,Gimegolts vandringsled,Sorsele,0.9
5665,Kronören Rönnören vandringsled och naturstig,Nordmaling,5.8
4910,"Kylören Örefjärden, tillgänglighetsanpassad led",Umeå,0.2
4909,"Stora Tuvan, tillgänglighetsanpassad led",Umeå,2.5
4477,"Överbo, vandringsled",Lycksele,0.9
4474,"Kylören Örefjärden-Snöanskärgården, vandringsled",Umeå,0.2
4472,"Gärdviken Bjuröklubb, vandringsled",Skellefteå,2.4
4471,"Bjuröklubb, vandringsled",Skellefteå,6.2
4467,"Norra Ammarnäs-Trollskogen-Örnbo, Ammarnäs närleder",Sorsele,4.5
4460,"Stenbithöjden, vandringsled",Åsele,7.4
4456,"Naturstig Matskanområdet, Marsfjället",Vilhelmina,1.1
4451,"Vindelforsarna, vandringsled",Vindeln,4.9
4448,"Hjukenåsarna, vandringsled",Vindeln,3.5
4447,"Rössgrundet Holmöarna, vandringsled",Umeå,0.4
4443,"Mårdseleforsen, vandringsled",Lycksele,4.2
4441,"Malå-Storforsen, vandringsled",Norsjö,1.7
4440,"Brånsjön, vandringsled",Vännäs,3.2
4439,"Skikkisjöberget, vandringsled",Vilhelmina,0.5
4438,"Fågelmyrkölen, vandringsled",Malå,0.5
4437,"Koppsele, vandringsled",Malå,2.1
4436,"Balberget, vandringsled",Bjurholm,1.9
4434,"Villanäs Umeälvens delta, vandringsled",Umeå,0.9
4433,"S Berga Umeälvens delta, vandringsled",Umeå,0.1
4432,"Bergön Umeälvens delta, vandringsled",Umeå,0.2
4384,"Kammen Holmöarna, vandringsled",Umeå,1.7
4383,"Södra Degernässlätten-Sundet, vandringsled",Umeå,0.3
4382,"Storavan, vandringsled",Umeå,1.0
4381,"Holmen Umeälvens delta, vandringsled",Umeå,0.3
4377,"Hummelholm, vandringsled",Nordmaling,0.0
4376,"Kalvtjärnarna, vandringsled",Dorotea,2.1
4375,"Gammplatsen, vandringsled",Lycksele,1.1
4374,"Västermark, vandringsled",Umeå,7.8
4373,"Vajsjön runt, vandringsled",Norsjö,9.3
4372,"Storrisbergsgrottorna, vandringsled",Nordmaling,0.9
4371,"Klubben, vandringsled",Robertsfors,3.1
4350,"Brännberget, vandringsled",Skellefteå,1.1
4349,"Stora Fjäderägg Holmöarna, vandringsled",Umeå,3.1
4348,"Trappudden Holmöarna, vandringsled",Umeå,2.1
4347,"Ängesön Holmöarna, vandringsled",Umeå,15.0
3441,Hälsans stig - Tärnaby,Storuman,3.4
3206,"Stadsviken, hälsans stig",Haparanda,4.5
1676,Tysjöarna stigar,Östersund,12.7
1675,Tysjöarna rampen,Krokom,1.2
736,Tännforsen stigar,Åre,1.8
687,Torvalla stig,Östersund,0.5
684,Rödmyrmyren stig,Östersund,0.7
677,Hoverberget stigar,Berg,7.3
651,Fillstabäcken stig,Östersund,2.1
647,Öjsjömyrarna spång,Östersund,1.4
132327,"Venåsberget, stigen upp till vindskyddet.",Hudiksvall,0.9
132219,Alternativ ledsträcka Korskälla - Lövnäsvallen via Mölingdalsvallen,Älvdalen,19.8
131826,"Västerfjällsleden led 101 (sommarled, Oviksfjällen)",Åre,10.0
131757,Juniskär-Norr Nylandsberget,Sundsvall,1.0
131756,Nylandsvägen-Söder Nylandsberget,Sundsvall,0.4
131587,"Vandringsled, Haverövallen",Ånge,5.2
129280,Storlien - Storvallen,Åre,7.2
128733,Giertebåvne - - Skarvdörrspasset-(vidare till Stuggudal Norge),Härjedalen,45.6
128670,Vandringsled till Utsiksplats Gulåsen,Hudiksvall,1.0
128439,Granbergsrundan,Torsby,6.0
128368,Ringfuru - Svarttjärn,Ljusdal,3.6
128367,Svarttjärnen - Digeråsvallen,Ljusdal,3.1
126940,"Vandringsled, Haverövallen",Ånge,3.2
126939,Stenpirstigen,Ånge,0.2
126938,Flottarstigen,Ånge,1.4
126935,Kärlekstigen,Ånge,1.6
126434,Botnialeden,Sundsvall,45.8
126414,Botnialeden Dyket-Fiskdammen,Sundsvall,3.7
126413,Botnialeden Juniskär-Dyket,Sundsvall,4.3
126412,Botnialeden Skatan-Juniskär,Sundsvall,16.9
126411,Botnialeden Galtström-Skatan,Sundsvall,6.9
125341,Klingerfjärdsleden,Sundsvall,4.0
124807,Juniskär grön led från Café till Slätberget,Sundsvall,3.7
124806,Juniskär röd led från Café till Nylandsberget,Sundsvall,4.4
124494,Svarttjärns vandringsstig,Skellefteå,7.0
124490,Naturstigen,Skellefteå,5.0
124489,Furuögrundsleden,Skellefteå,10.0
124449,Risböle fäbodstig,Skellefteå,9.0
124444,Grytsundsleden,Skellefteå,9.0
124441,Kyrkstigen,Skellefteå,40.0
124440,Storbäcksleden,Skellefteå,6.0
124436,Öbergsleden,Skellefteå,6.0
123126,Storfjällsturerna,Sälen (Malung-Sälen),26.0
123124,Sälfjällsturen,Sälen (Malung-Sälen),14.0
123123,Östfjällsrundan,Sälen (Malung-Sälen),9.0
123121,Lill-Närfjällsleden,Sälen (Malung-Sälen),15.0
123120,Stor-Närfjällsleden,Sälen (Malung-Sälen),15.0
123110,Hundfjällsslingan,Sälen (Malung-Sälen),12.0
121357,Banvallen,Övertorneå,29.1
121210,Anslutning Sidsjö hotell,Sundsvall,0.3
121166,Helgonleden Kårböle Stavkyrka till Huskölen,Ljusdal,11.0
121165,Helgonleden Lassekrog till Kårböle Stavkyrka,Ljusdal,24.0
121164,Helgonleden Hovra till Lassekrog,Ljusdal,16.5
121163,Helgonleden Färila kyrka till Hovra,Ljusdal,17.0
121162,Helgonleden Järvsö kyrka till Färila kyrka,Ljusdal,26.4
121161,Helgonleden Undersviks kyrka till Järvsö kyrka,Bollnäs,23.0
114905,Anslutning Myrflodammen runt,Sälen (Malung-Sälen),1.1
114872,"Syndalsturen, Södra Kungsleden ",Sälen (Malung-Sälen),15.0
114841,Badtjärn runt,Ljusdal,0.5
114838,Trätrottoar till Badtjärn,Ljusdal,0.2
114837,Kramstaleden,Ljusdal,7.0
114834,Lusta- och Åsansberget,Ljusdal,8.0
114828,Vandringsled upp på Mörkberget,Ljusdal,1.6
114700,Loas Naturstig,Ljusdal,0.25
114632,Sannaleden i Järvsö,Ljusdal,7.0
114453,"Vallederna, Stensvallen - Pervallen - Kalvsvallen",Ljusdal,12.0
114449,"Vallederna, Nor - Pervallen - Kalvsvallen",Ljusdal,18.0
106043,"Husåberget (vandringsled, Huså)",Åre,2.5
105598,Skänviksbergets Friluftscentrum-Merlo slott,Sundsvall,1.3
103720,Isovaara Elljusspår,Övertorneå,5.0
103718,Armasjärvi-Luppio,Övertorneå,5.6
103716,Luppioberget runt,Övertorneå,5.4
103715,Pikku-Paljukka,Övertorneå,2.7
103696,"Isovaara Vit led, 10 km",Övertorneå,8.7
103695,"Isovaara Gul led, 7,5 km",Övertorneå,6.8
98800,Vandringsled Gångviken Blå,Sundsvall,3.3
98796,Gångviken-Birsta,Sundsvall,0.4
98795,Övre Laggarberg-Skönviksbergets friluftscentrum,Sundsvall,2.1
98794,Skönviksberget-Gångviken,Sundsvall,1.6
98793,Vandringsled Gångviken Röd,Sundsvall,4.1
98792,Skönviksbergets friluftscentrum-Skönviksberget,Sundsvall,2.0
98791,Skönviksberget-Skönviksbergets friluftscentrum,Sundsvall,1.6
98764,Bergsslingan,Sundsvall,3.4
97251,"Storhogna-Samevistet-Fallmoranfallen 7,5 km",Berg,7.5
97249,Fäbodturen,Berg,3.8
97237,Fettjeåfallet,Berg,1.7
96148,Anslutningsled Övertänger-Pilgrimsleden,Falun,1.1
96021,Böleleden 18 km,Berg,16.7
96017,"Bergbanan 6,8 km",Berg,6.9
96016,Röjåbanan 6 km,Berg,5.7
95982,Helgonleden,Söderhamn,32.0
95300,"Kårböleleden Etapp 12, 11 km",Berg,10.8
95298,"Kårböleleden Etapp 11, 22 km",Berg,23.0
95296,"Kårböleleden Etapp 10, 11 km",Berg,11.1
95260,"Kårböleleden Etapp 9, 12 km",Berg,13.0
95259,"Kårböleleden Etapp 8, 13 km",Berg,10.7
95258,"Kårböleleden Etapp 7, 13 km",Berg,12.8
95257,"Kårböleleden Etapp 6, 14 km",Berg,13.9
95256,"Kårböleleden Etapp 5, 14 km",Berg,16.4
94094,Hamnäsleden,Söderhamn,7.5
93470,Kyrkstigen,Berg,5.7
93469,Hoverbergsleden,Berg,9.0
91766,Led Havsvalladalen,Torsby,7.1
87702,Temmilahti Slingan,Haparanda,3.6
87032,Kenkälahti Slingan,Haparanda,6.6
86510,"124 Vintervandring Vita Renen (vandringsled, Edsåsdalen)",Åre,8.4
86401,"223 Grofjällsrundan (vandringsled, Edsåsdalen)",Åre,11.4
85801,"Konst(ig) stigen (vandringsled, Edsåsdalen - del av led 220)",Åre,1.0
85792,262 Norra ridvadsrundan - vandringsled (Ottsjö),Åre,5.5
85383,Storviksleden,Dorotea,9.5
84452,"220 Renfjällsrundan (vandringsled, Edsåsdalen)",Åre,12.5
84434,"260 Platåleden (vandringsled, Ottsjö)",Åre,6.0
84433,"264 Fäbodrundturen (vandringsled, Ottsjö)",Åre,3.5
84432,"261 Byvandringen (vandringsled, Ottsjö)",Åre,2.9
84431,"263 Hållvallsrundan (vandringsled, Ottsjö)",Åre,15.9
84430,"241 Vällistetoppen (vandringsled, Trillevallen)",Åre,4.2
84429,"240 Välliste runt (vandringsled, Trillevallen)",Åre,11.9
84380,Brudslöjan ,Åre,0.7
84370,Skärkdalen-Mor Sönnes-Hovlinsvallen,Berg,6.8
84362,Vandring till potatisåkrarna,Berg,0.9
84359,Pilgrimsleden,Berg,13.2
84349,Dunsjöravinen via Dorditjärn,Berg,4.0
83633,Hovlinsvallen-Silverfallet,Berg,4.9
83632,Vandring Ripan-Öjön,Berg,2.0
83629,Knallen,Berg,1.2
83354,Bergbodarna vandringsled,Dorotea,1.0
83251,Vandringstur till Storåkläppen,Berg,4.0
83250,Masgrottan,Berg,18.9
83176,Kesufallet,Berg,2.8
83175,Särvvålsvallen-Högrensvålvallen,Berg,15.0
83173,Husvålsstugan,Berg,6.0
83169,Gruvhålen på Vargtjärnsstöten,Berg,4.5
75049,Klöverfjällsleden,Dorotea,12.7
74841,Rågmjölsvägen,Norsjö,93.7
74431,Vedaögern,Umeå,4.0
74427,Holmörundan,Umeå,12.7
74419,Kammen,Umeå,6.0
74418,Trappudden - Holmön,Umeå,7.0
74387,Kärleksstigen Åsarna,Berg,1.3
74186,Elljusspår Åsarna,Berg,4.4
73917,"Elljusspår Storsjö 2,5 km",Berg,2.5
73915,"Elljusspår Ljungdalen 1,8 km 2,2 km 2,5 km 3,4 km",Berg,3.5
73693,Kalmeterslingan,Ljusdal,7.2
72995,Tavelsjön runt,Umeå,23.5
72427,Anslutningsled Sommarvägen till Nysjöleden,Falun,2.1
72199,Vandringsled Gräftåvallen-Arådalen,Berg,13.7
72198,Vandringsled Gräftåvallen-Höglekardalen,Berg,15.2
72197,Vandringsled Arådalen-Höglekardalen,Berg,19.4
71695,Lillbosjön runt,Hudiksvall,5.6
71694,Lillbovallen-Fallet Kraftstation,Hudiksvall,1.5
71488,Elljusspår Gräftåvallen,Berg,5.0
71470,Vattenfallet Gräftåvallen,Berg,2.5
71400,"Siljansleden, Björntjärn - Åsengården",Mora,23.7
71399,Rundtur Gräftåvallen,Berg,15.0
70726,"Järvsöklacken, vandringsled",Ljusdal,2.2
70725,Stråsjöleden,Ljusdal,72.1
70708,Buförrundan,Ljusdal,11.9
70616,Back Pelles runda,Hudiksvall,2.6
69704,Vandringsled Hermansborg-Ejheden,Rättvik,16.4
69470,Prästhällan vandringsled,Dorotea,3.0
68370,Åkerigrus-Sjukhuset,Sundsvall,0.6
68292,Blåkryss Apelsinlunden till Sidsjön,Sundsvall,3.0
67743,Sutme Sameviste vandringsled,Dorotea,1.2
67742,Borgahällan,Dorotea,6.0
67740,Motionsspåret i Svanabyn,Strömsund,2.0
67739,Upplevelsespåret i Lavsjö,Dorotea,2.8
67736,Vandring till Toppstugan i Lajksjö,Dorotea,5.0
67171,Lillbergforsen,Dorotea,4.0
67168,Kullerbacksrundan,Dorotea,6.5
67167,Sjöslingan,Dorotea,3.3
65935,"Barmarksled, Fulufjället",Älvdalen,25.0
65934,Lavskrikeleden,Älvdalen,2.0
65912,Jaktfalksleden,Älvdalen,5.5
65910,Njupeskärsleden,Älvdalen,3.9
65848,Södra Kungsleden,Älvdalen,32.2
65271,Kyrkstigen Avaträsk - Dorotea,Dorotea,8.3
65268,Stensjöbäcken,Dorotea,6.0
65266,Bäcka,Dorotea,1.1
61346,Rullbo-Grästjärn,Ljusdal,41.0
58638,"Lindbergsrundan, Edsbyn",Ovanåker,12.3
58316,"Grelsbyberget röd led 2,2 km",Överkalix,2.2
58227,"Grelsbyberget gul led 1,6 km",Överkalix,1.6
58225,"Grelsbyberget grön led 4,4-4,8 km",Överkalix,4.4
58149,Vandringsled Voxnabruk -Ejheden,Orsa,17.0
58128,"Åtnikstugan - Klimpfjäll (Soldalen), Lapplandsleden",Vilhelmina,40.5
58127,"Gränssjö – Åtnikstugan, Lapplandsleden",Vilhelmina,21.8
58126,"Arevattnet – Gränssjö, Lapplandsleden",Storuman,27.3
58125,"Atoklimpen – Arevattnet, Lapplandsleden",Storuman,20.7
58124,"Hemavan – Atoklimpen, Lapplandsleden",Storuman,40.7
58123,"Klimpfjäll (Soldalen) – Borgafjäll, Lapplandsleden",Dorotea,39.0
58097,Renåsvallen - Sellbergsvallen,Hudiksvall,3.7
58031,Skogscykelstig: Paharovaforskojan,Överkalix,0.5
58030,Skogscykelstig: Kypasvägskojan,Överkalix,0.2
58029,Skogscykelstig: Elmajärvi - Bastukojan - Dirijärvi,Överkalix,10.8
58028,Halljärv terrängspår 3 km,Överkalix,3.0
58027,"Halljärv terrängspår 6,3 km",Överkalix,6.3
58026,"Halljärv terrängspår 4,2 km",Överkalix,4.2
57971,Skogscykelstig: Juppyräbäckskojan,Överkalix,0.6
57970,Skogscykelstig: Björkådammskojan - Nymyrkojan,Överkalix,3.9
57969,Skogscykelstig: Jockselet - Vallsjärv,Överkalix,3.9
57968,Skogscykelstig: Turpas - Västra Jockfallsvägen,Överkalix,6.8
57966,Skogscykelstig: Bastukojan - Turpas,Överkalix,12.3
57958,Kvarnbäckens kulturstig i Gyljen,Överkalix,1.7
57378,Nolbykullen upp,Sundsvall,3.1
57377,Juniskär Blå led från Café till Hångsten,Sundsvall,4.3
57342,Ryggis-Sjukhuset,Sundsvall,1.1
57171,"Ol-Jonsvallen - Ljusnedals Kyrka- Funäsdalens Kyrka - Flon, rekommenderad ",Härjedalen,24.2
57168,Fem kilometersslingan i Delsbo. ,Hudiksvall,5.1
57083,Cykelstigarna i Svabensverk - via Rotsjön,Ovanåker,26.6
56826,Hälsingeleden: Gruvstigen till Hedbäcken,Ljusdal,15.0
56822,Vandra längs skogsbilväg till Sophiendal,Ljusdal,1.6
56671,Blåkryss-Fågelbergsstugan,Sundsvall,1.7
55936,Selångersfjärden runt,Sundsvall,5.6
55797,Gruvleden,Ovanåker,9.0
55439,Vikskogens Naturstig,Bollnäs,3.5
55424,Korta Bäck,Ovanåker,1.5
55423,Långa Bäck,Ovanåker,2.7
55419,Branta stigen på Uggaberg,Ovanåker,0.2
55418,Flacka stigen på Uggaberg,Ovanåker,0.6
55417,Aicab-slingan,Ovanåker,1.9
54472,Stig till Öbergets utsiktsplats,Ånge,0.8
54083,"Viksjöfors, Åsen Elljusspår",Ovanåker,2.8
54080,Cykelled på Borgen,Ovanåker,5.0
53962,Parteboda hälsostig 5km,Ånge,4.9
53371,Naturstig ,Haparanda,6.0
53362,vandringsstig,Hudiksvall,2.1
53101,Stigen från Vattensjöns utlopp till Mejerstjärn över Flisternäset,Ånge,4.9
53100,Stigen till Djuptjärn,Ånge,2.4
53099,Stigen till Abbortjärnarna,Bräcke,0.8
52630,Vikebergsleden 10 km (Nordanå-spåren),Ovanåker,10.0
52625,Alfta Kulturstig,Ovanåker,3.0
52622,Edsbyns Kulturstig,Ovanåker,2.2
52468,"Hälsostig Parteboda 1,8 km",Ånge,1.8
52324,Himmelsbergsleden,Falun,23.0
52323,7:an på Nordanå,Ovanåker,7.0
52321,"Bergsborundan, 16 km",Ovanåker,16.0
52320,Finnmarksleden med Hamraleden,Ljusdal,45.0
52319,Nabbans motionsspår,Ovanåker,2.5
52318,Eggasspåret 22 km Skålsjögråden,Ovanåker,21.7
52315,Cykelstigarna i Svabensverk - Västeråsen 17 km,Ovanåker,17.0
52309,"Torparundan, 26 km",Ovanåker,26.2
52308,Naturstigen,Ovanåker,3.0
52307,Vikebergsleden 15 eller 20 km,Ovanåker,20.0
52306,Flottarleden Runemo-Söräng,Bollnäs,7.0
52305,Finnskogsleden i Hälsingland,Bollnäs,35.0
52038,Bureslingan,Sundsvall,3.1
51999,Finnforsleden,Sollefteå,12.6
51997,Ådalsleden 2 Boteå-Kyrkviken,Kramfors,35.2
51996,Ådalsleden ,Sollefteå,95.2
51980,Finnåleden,Sollefteå,23.0
51910,Promenadslinga Ånge Östra,Ånge,4.9
51730,Örvallen - Stora Öråsen - Julingvallen - Örvallen,Hudiksvall,8.0
51630,Vandringsstig Lörudden-Telefonviken,Sundsvall,2.5
51532,Torpshammar liten promenadslinga,Ånge,3.0
51531,Torpshammar stor promenadslinga,Ånge,5.6
51524,Rankleven promenadslinga,Ånge,3.0
51512,Jämtgaveln promenadslinga,Ånge,4.1
51483,Haverö strömmar promenadslinga,Ånge,1.4
51453,Haverö strömmar promenadslinga över Kvisselön,Ånge,0.5
51441,"Fränsta promenadslinga 4,5 km",Ånge,4.5
51405,Stig till Bergåsen utsiktstorn,Ånge,1.8
51394,Borgsjö promenadslinga,Ånge,4.0
51298,Stig till Stormörtsjökullens topp,Ånge,2.5
51182,Nipleden,Sollefteå,27.0
51147,Leder på Grejsarberget,Falun,5.0
51098,Paraberget,Sollefteå,0.7
51097,Stenbergsleden,Sollefteå,3.7
51096,Klökanspåret Bosvedjan-Torget,Sundsvall,1.3
49727,Gamla Elljusspåret i Delsbo,Hudiksvall,2.4
48922,S:t Olavsleden anslutning Bergsåker-Selånger,Sundsvall,1.1
48889,Bruksvallarna arena- Ramundberget,Härjedalen,8.6
48733,Ora - Dyrvallen - Brunkänge - Ora,Hudiksvall,9.0
35233,"Barmarksled, Agön-Kråkön",Hudiksvall,1.2
35230,"Barmarksled, Agön-Kråkön",Hudiksvall,0.2
35191,"Barmarksled, Agön-Kråkön",Hudiksvall,0.3
35180,"Barmarksled, Ålsjön",Söderhamn,0.1
35167,"Barmarksled, Änga-Tjännåsen",Hudiksvall,4.7
35147,"Barmarksled, Hamra",Ljusdal,3.0
35146,"Barmarksled, Gröntjärn",Hudiksvall,1.6
35139,"Barmarksled, Agön-Kråkön",Hudiksvall,3.4
35138,"Barmarksled, Hölick",Hudiksvall,0.4
35135,"Barmarksled, Agön-Kråkön",Hudiksvall,0.4
35133,"Barmarksled, Agön-Kråkön",Hudiksvall,2.2
35129,"Barmarksled, Ålsjön",Söderhamn,4.3
35127,"Barmarksled, Klackudden",Nordanstig,0.3
35125,"Barmarksled, Bodagrottorna",Hudiksvall,0.3
35120,"Barmarksled, Vattingsmalarna",Nordanstig,6.5
35118,"Barmarksled, Gnarpskaten",Nordanstig,1.8
35033,"Barmarksled, Marsjön-Bondsundet",Gävle,0.7
34997,Led Storberget,Torsby,0.4
34926,Svartstensuddens slinga och stig,Gävle,1.1
34887,Led till Björnhultkojan,Torsby,0.8
34841,"Barmarksled, Näset",Gävle,2.8
34821,"Barmarksled, Stora Blyberget",Bollnäs,0.9
34612,Led Brånberget,Torsby,1.0
34595,"Barmarksled, Agön-Kråkön",Hudiksvall,3.2
34593,"Barmarksled, Agön-Kråkön",Hudiksvall,20.4
34525,"Barmarksled, Ålsjön",Söderhamn,0.5
34520,"Barmarksled, Trollberget",Ockelbo,2.4
34480,Led Storberget,Torsby,4.4
34479,Led Båtstadknallen,Torsby,1.4
34474,Led Horsstomyren,Torsby,6.5
34449,"Barmarksled, Långnäsudden",Söderhamn,0.6
34433,Stig til Svartmaren,Gävle,0.2
34429,Knabbvikslingan,Gävle,1.2
34427,Stig till Gammelhamn,Gävle,0.2
34422,"Gammelhamnspussarna slinga 1,5 km",Gävle,1.3
34421,"Kummeludden slinga 1,5 km",Gävle,1.2
34390,"Barmarksled, Lingarö",Hudiksvall,3.8
34356,"Barmarksled, Stenöorn",Söderhamn,0.4
34339,"Barmarksled, Änga-Tjännåsen",Hudiksvall,0.8
34337,"Barmarksled, Skärjån",Gävle,3.5
34317,"Barmarksled, Andersvallsslåtten",Ljusdal,0.5
34310,"Barmarksled, Mellanljusnan",Ljusdal,23.6
34296,"Barmarksled, Mellanljusnan",Ljusdal,0.8
34262,"Barmarksled, Törnberget",Ljusdal,2.1
34238,"Barmarksled, Storön",Nordanstig,0.4
34181,"Barmarksled, Norra Hornslandet",Hudiksvall,4.3
34173,"Barmarksled, Bromsvallsberget",Nordanstig,0.3
34168,"Barmarksled, Axmar",Gävle,1.1
34165,"Barmarksled, Axmar",Gävle,4.8
34131,"Barmarksled, Bleckbergens urskog",Hudiksvall,0.8
34129,"Barmarksled, Ysberget - Laxtjärnsberget",Hudiksvall,2.5
34123,Led Höljberget,Torsby,2.6
34121,"Barmarksled, Klibbalreservatets domänreservat",Hudiksvall,0.3
34119,"Barmarksled, Tjuvberget",Bollnäs,2.5
34103,"Barmarksled, Ysberget - Laxtjärnsberget",Hudiksvall,0.8
34094,"Barmarksled, Älvåsen",Nordanstig,1.2
34093,"Barmarksled, Stora Öråsen",Hudiksvall,1.1
34081,"Barmarksled, Älvåsen",Nordanstig,1.2
34073,"Barmarksled, Erik-Olssveden",Ljusdal,0.4
34066,"Barmarksled, Andån",Ovanåker,2.2
34064,"Barmarksled, Tjuvberget",Bollnäs,0.7
34060,"Barmarksled, Flarksjöberget",Ljusdal,1.1
34039,"Barmarksled, Flotthöljan",Hudiksvall,0.1
34035,"Barmarksled, Vattingsmalarna",Nordanstig,0.9
34023,"Barmarksled, Gnarpskaten",Nordanstig,0.7
34020,"Barmarksled, Lobåsberget",Ljusdal,0.3
34010,"Barmarksled, Svartstensudden",Gävle,0.5
34009,"Barmarksled, Kyrkön",Ljusdal,2.4
34007,"Barmarksled, Kyrkberget",Ljusdal,0.6
33939,"Barmarksled, Hamra",Ljusdal,2.0
33936,"Barmarksled, Hamra",Ljusdal,2.5
33910,"Barmarksled, Gröntjärn",Hudiksvall,2.5
33889,"Barmarksled, Andån",Ovanåker,0.7
33888,"Barmarksled, Hamra",Ljusdal,3.0
33887,"Barmarksled, Älvåsen",Nordanstig,6.1
33885,"Barmarksled, Lomtjärn",Nordanstig,1.4
33879,"Barmarksled, Gönhammaren",Härjedalen,0.4
33878,"Barmarksled, Blacksås",Hudiksvall,2.4
33876,"Barmarksled, Snäcken",Hudiksvall,0.7
33873,"Barmarksled, Risnosen",Ljusdal,2.5
33871,"Barmarksled, Gladbäcken",Hudiksvall,0.0
33770,"Barmarksled, Rovennoppi",Ljusdal,0.6
33725,"Barmarksled, Storberget",Hudiksvall,1.6
33724,"Barmarksled, Ensjölokarna",Ljusdal,1.2
33723,"Barmarksled, Hölick",Hudiksvall,3.3
33722,"Barmarksled, Agön-Kråkön",Hudiksvall,1.8
33721,"Barmarksled, Gran",Nordanstig,1.8
33717,"Barmarksled, Storberget",Hudiksvall,0.2
33715,"Barmarksled, Agön-Kråkön",Hudiksvall,1.1
33713,"Barmarksled, Hölick",Hudiksvall,0.5
33709,"Barmarksled, Agön-Kråkön",Hudiksvall,1.4
33708,"Barmarksled, Axmar",Söderhamn,0.8
33707,"Barmarksled, Hölick",Hudiksvall,2.4
33706,"Barmarksled, Storberget",Hudiksvall,1.8
33705,"Barmarksled, Agön-Kråkön",Hudiksvall,1.1
33701,"Barmarksled, Storberget",Hudiksvall,6.0
33697,"Barmarksled, Agön-Kråkön",Hudiksvall,0.6
33695,"Barmarksled, Storberget",Hudiksvall,2.5
33693,"Barmarksled, Älvåsen",Nordanstig,1.7
33692,"Barmarksled, Agön-Kråkön",Hudiksvall,3.0
33691,"Barmarksled, Hölick",Hudiksvall,6.6
33656,"Barmarksled, Brassberget",Ljusdal,0.5
33650,"Barmarksled, Bodagrottorna",Hudiksvall,0.2
33645,"Barmarksled, Alsjöåsen",Hudiksvall,0.7
33569,"Barmarksled, Hådells gammelskog",Gävle,0.9
33566,"Barmarksled, Gnarpskaten",Nordanstig,1.5
33561,"Barmarksled, Gnarpskaten",Nordanstig,3.1
33559,"Barmarksled, Ålsjön",Söderhamn,0.5
33555,"Barmarksled, Lövsalen",Hudiksvall,3.1
33550,"Barmarksled, Vattingsmalarna",Nordanstig,1.3
33541,Led Enberget,Torsby,4.6
33530,"Barmarksled, Mellanljusnan",Ljusdal,27.2
27807,"Åmots bruk-Lingbo, Gästrikeleden etapp 5:2",Ockelbo,31.0
27806,"Rönnåsen (Ockelbo)-Jädraås bruk, Gästrikeleden etapp 5",Ockelbo,15.9
27788,Vandringsled till Brättingberget från Aborrtjärnen,Hudiksvall,0.8
27686,Tomterundan i Norrbo,Hudiksvall,4.0
27585,Rändåfallet -Ol-Jonsvallen,Härjedalen,30.4
27513,Vandringsled Örvallsjön,Hudiksvall,5.1
27496,Hornberget vandringsled,Hudiksvall,4.5
27410,Vandringsled Gravmyrberget,Hudiksvall,2.0
27272,Råbergsrundan,Hudiksvall,9.3
27147,"Järnvallsklinten, norra stigen upp.",Hudiksvall,0.85
27055,Ol-Jonsvallen-Bruksvallarnas Kapell-Bruksvallarna arena,Härjedalen,20.1
26822,Moraberget Vandringsled,Hudiksvall,6.2
26677,Hälsans stig - Sorsele,Sorsele,5.0
26671,Elljusspåret Vesslamon i Friggesund Skidspår,Hudiksvall,5.0
26608,S:t Olavsleden - Yttre leden,Frosta,93.7
26507,Prättingvallen till Lillvallen,Hudiksvall,3.0
26481,Klövsvallsrundan,Hudiksvall,9.4
26478,Stråsjöleden,Hudiksvall,271.4
26402,Långsbovallen - Ringfuru,Hudiksvall,2.6
26400,Renåsvallen - Gäddviksvallen,Hudiksvall,4.3
26399,Gäddviksvallen - Lillbovallen,Hudiksvall,2.0
26380,Till Öråstornet genom naturreservatet,Hudiksvall,1.0
26373,Örvallen - Prästvallen - Julingvallen - Örvallen,Hudiksvall,13.0
26315,Strandpromenaden Friggesund,Hudiksvall,7.5
26313,"Vandring upp till Vålåsberget - ""Glåmhälla""",Hudiksvall,1.5
26309,Lillbovallen - Långsbovallen,Hudiksvall,3.0
26306,Till Blacksås från parkeringen vid Oppsjöskogens naturreservat,Hudiksvall,1.6
26304,Rövarklitten Vandringsled,Hudiksvall,1.4
26298,Flottarleden i Svågadalen,Hudiksvall,11.0
26297,Kraterstigen,Hudiksvall,6.0
26223,Hävlungsleden,Hudiksvall,13.0
26126,Njupfatsleden,Hudiksvall,8.0
26123,Gröntjärnsleden,Hudiksvall,12.0
26119,Kolarstigen,Hudiksvall,27.0
26118,Borgarleden,Hudiksvall,23.0
26084,Sommarvägen till Rotbodarna/Rotboleden,Falun,23.0
25892,"Järnvallsklinten, södra stigen upp.",Hudiksvall,1.5
25813,Uvberget,Sundsvall,1.7
25812,Uvbergsstugan-Hulitorget,Sundsvall,0.2
25810,Långmyrberget-Vårsätt,Sundsvall,0.9
25809,Långmyrberget-Östterro,Sundsvall,1.7
25808,Orrvinberget-Långmyrberget,Sundsvall,1.6
25807,Orrvinberget-Övre Laggarberg,Sundsvall,2.0
25806,Orrvinberget-Klippstugan,Sundsvall,0.9
25805,Ottsjön-Orrvinberget,Sundsvall,1.0
25804,Hulitorget-Ottsjön,Sundsvall,2.2
25798,Mittnorden leden Målstaallmänningen-Stöde,Sundsvall,16.8
25673,Fäbodstig till Stensjöbodarna,Sundsvall,1.7
25662,Kronvägsleden,Sundsvall,16.5
25602,Gusturleden Vattjom-Huljen-Västerro,Sundsvall,19.8
25601,Gusturleden Västerro-Vattjom,Sundsvall,12.7
25583,"Vandringsleder, 5, 6, 10 km och Moraberget",Hudiksvall,10.0
25567,Kajvallsleden Delsbo - Ljusdal,Hudiksvall,47.0
25507,Granlo-Lillhärmsta,Sundsvall,0.8
25506,Anslutning Granlo,Sundsvall,0.3
25505,Bergsåker-Granlo,Sundsvall,0.8
25504,Lillhärmsta-Bergsåker,Sundsvall,0.5
25503,Hulistugan-Lillhämrsta,Sundsvall,1.1
25502,Ryggisspåret,Sundsvall,1.9
25501,Bosvedjan-Porsmyrvägen,Sundsvall,0.5
25500,Porsmyrvägen-Bydalen,Sundsvall,1.2
25499,Bydalen-Porsmyrvägen,Sundsvall,0.9
25497,Sidsjön-Grodtjärn,Sundsvall,0.9
25496,Nacksta-Grodtjärn,Sundsvall,1.8
25495,Sidsjön runt,Sundsvall,3.1
25494,Lv5-Apelsinlunden,Sundsvall,1.2
25493,Hillstamon-Scoutstugan,Sundsvall,2.3
25492,Lv5-Hillstamon,Sundsvall,2.0
25491,Lv5-Sidsjön,Sundsvall,1.2
25490,Scoutstugan-Stockvik,Sundsvall,1.1
25489,Stockvik-Scoutstugan,Sundsvall,1.1
25488,Hotellslingan-Fågelbergskorsningen,Sundsvall,1.3
25487,Scoutstugan-Fågelbergskorsningen,Sundsvall,0.4
25486,Hotellslingan från hotellet,Sundsvall,0.6
25485,Hotellslingan till hotellet,Sundsvall,1.3
25484,Hotellslingan mot Scoutstugan,Sundsvall,0.5
25483,Hotellslingan utfart från parkeringen,Sundsvall,0.3
25481,Anslutning Röda-Hotellslingan,Sundsvall,0.1
25480,Röda spåret mot Friluftscentrum,Sundsvall,0.2
25479,Röda spåret mot parkeringen,Sundsvall,0.3
25478,Röda spåret mot Hotellslingan,Sundsvall,0.3
25471,Infart Friluftscentrum,Sundsvall,1.0
25470,Infart mot Friluftscentrum,Sundsvall,0.4
25469,Tummen,Sundsvall,0.2
25467,Hälsans stig,Sundsvall,4.0
25441,Norrboleden Vandringsled,Hudiksvall,13.0
25352,Sjuvallsleden Vandringsled,Hudiksvall,31.0
25330,Naturstig Avasunds camping,Storuman,3.0
25310,Utsiktsstigen,Storuman,0.5
25309,Cykelsnöret,Storuman,5.0
25305,Bjursväg – stallskogen,Storuman,1.5
25298,Elljusspåret 15 km Storuman – Stensele,Storuman,15.0
25293,Elljusspåret 6 km,Storuman,6.0
25289,Elljusspåret 4 km,Storuman,4.0
25285,Vattentornsstigarna,Storuman,1.4
25284,Rackokalvsvägen,Storuman,5.0
25283,Kyrkstig Sätervallen,Storuman,5.0
25282,Kanalstigarna,Storuman,2.0
25281,Slalombacksvägen,Storuman,1.5
25275,Genväg mot Friluftscentrum,Sundsvall,0.1
25274,Utfart Friluftscentrum,Sundsvall,1.5
25273,Från Friluftscentrum,Sundsvall,0.0
25272,Från Friluftscentrum,Sundsvall,0.2
25215,Hattbergsleden Sillre naturstigar,Sundsvall,3.7
25214,Sillre älvstig,Sundsvall,1.4
25124,Södra Bergets Naturstig,Sundsvall,1.0
25115,Ovansjö-Bergafjärden,Sundsvall,7.9
25107,Fiskestigen Dingersjö-Viforsen,Sundsvall,16.0
25106,S:t Olavsleden Stöde-Kommungränsen,Sundsvall,11.8
25105,S:t Olavsleden Matfors-Stöde,Sundsvall,26.4
25104,S:t Olavsleden Selånger-Matfors,Sundsvall,17.1
25103,Botnialeden Fiskdammen-Östtjärn,Sundsvall,7.9
25102,Botnialeden Östtjärn-Södra Berget,Sundsvall,6.7
25099,Västerkolsta-Klissbergsstugan,Sundsvall,2.7
25098,Klissvägen-Älgdalsmomyran,Sundsvall,1.1
25097,Grodtjärn-Kolstabodarna,Sundsvall,4.2
25096,Grodtjärn-Långmyren,Sundsvall,2.1
25095,Grodtjärn-Orrberget,Sundsvall,1.9
25094,Klissvägen-Orrberget,Sundsvall,0.6
25093,Orrberget-Klissberget,Sundsvall,1.4
25092,Klissvägen-Klissberget,Sundsvall,1.9
25091,Klissberget-Snöstickan,Sundsvall,0.8
25090,Långmyran-Klissberget,Sundsvall,1.0
25089,Nacksta-Långmyran,Sundsvall,2.2
25088,Lövåsen-Hulistugan,Sundsvall,0.7
25087,Rödmyran-Lövåsen,Sundsvall,1.2
25086,Hammalåsen-Lövåsen,Sundsvall,1.6
25085,Rödmyran-Granloholm,Sundsvall,1.2
25084,Hammalåsen-Rödmyran,Sundsvall,0.7
25083,Bosvedjan-Hammalåsen,Sundsvall,0.8
25081,Fågelbergsstugan - Scoutstugan,Sundsvall,3.8
25079,Sidsjön-Fågelberget,Sundsvall,3.3
25078,Kyrkstigen,Sundsvall,1.1
25072,Åkerigrus-Bosvedjan,Sundsvall,1.0
25071,Sjukhuset-Ryggis,Sundsvall,1.1
25070,Åkerigrus-Sjukhuset,Sundsvall,0.6
25069,Sticksjön-Åkerigrus,Sundsvall,1.1
25068,Huli-Granloholmsleden-Luleåvägen,Sundsvall,1.1
25062,S:t Olavsleden Sundsvalls station-Selånger,Sundsvall,7.5
25061,Mittnorden leden Matfors-Målstaallmänningen,Sundsvall,16.5
25060,Mittnorden leden Runsvik-Matfors,Sundsvall,4.7
25059,Mittnorden leden Vintertjärn-Runsvik,Sundsvall,12.7
25058,Mittnorden leden Södra Berget-Vintertjärn,Sundsvall,8.3
25036,Nackstaspåret - del vid Grodtjärn,Sundsvall,0.3
25023,Blåkryss upp från Apelsinlunden till Ängen,Sundsvall,0.8
25022,Blåkryss ner från Ängen till Apelsinlunden,Sundsvall,0.6
24879,Vandringsled Atoklimpens kulturreservat,Storuman,8.9
24864,Gamla älvfårestigen,Storuman,6.5
24862,Dagspåret,Storuman,3.5
24860,Forsviksbergets utsiktsplats,Storuman,1.0
24858,Fiskestigen till Stenträsket,Storuman,3.0
24851,Forsnacken,Storuman,2.5
24835,Delsbosvängen Vandringsled,Hudiksvall,19.0
24825,Kajvallsleden - Kolarberget till Långede,Hudiksvall,6.6
24822,Noan runt,Storuman,17.0
24820,Gång- och cykelväg mellan Storuman och Stensele,Storuman,2.0
24812,Luspholmen - Hembygdsgården,Storuman,3.0
24811,Kåtastigen,Storuman,0.5
24729,Genväg Höjdvägen - Elljusspåret,Storuman,1.1
24650,Kärleksstigen,Storuman,2.0
24574,Kyrkstigen Storuman – Stensele,Storuman,6.0
24321,Hemavan - Kvarnbäcken,Storuman,1.2
24288,Led till Fjällfinakåtan och Kobåset,Storuman,2.2
24282,Murtsertoppen,Storuman,6.5
24129,Gielestjåhke,Storuman,4.5
24124,Nuolpen / Nolhpenjaavretje,Storuman,2.0
24096,Geavhtavaartoe/ Gäutafjället,Storuman,4.0
24095,Daalåejvie/Dalåive,Storuman,5.0
24092,Storkittelrundan,Storuman,3.5
24063,Gurkfjället / Gurhketjåhke,Storuman,2.2
23765,Orrtjärnsleden,Falun,4.4
23760,Torvalla konststig,Östersund,1.0
23708,Bleviksstigen,Storuman,3.5
23701,Strandpromenaden,Storuman,2.0
23645,Grusväg längs Umeälven till Timmerkåtan och stigar mot Jofjället,Storuman,1.5
23640,Laxfjället från Fjällvägen,Storuman,1.4
23270,Laxfjället från Tärnaby Sporthotell,Storuman,2.5
23222,Spikbodarna motionsspår 13 km,Östersund,12.7
23124,Spikbodarna motionsspår 5 km,Östersund,5.0
22606,Nyvallen - Nysätern,Härjedalen,9.7
22604,Nysätern - Sododalen,Härjedalen,5.2
22600,Nyvallen - Sododalen,Härjedalen,5.5
22597,Ryvålsrundan,Härjedalen,11.0
22449,Skedbrostugan - Norska gränsen vid Skedbrofjället,Härjedalen,4.4
22448,Käringsjön - Rödviken,Härjedalen,4.8
22447,Käringsjövallen - Rogenstugan,Härjedalen,8.9
22441,Bustvålen - Rogenstugan,Härjedalen,14.5
22328,Lillsjön runt,Östersund,2.6
21938,"Siljansleden, Skräddar-Djurberga till Gammeldammen",Orsa,14.7
21937,"Siljansleden, Höghed till Skräddar-Djurberga",Orsa,17.6
21936,"Siljansleden, Fryksås till Höghed",Orsa,17.1
21913,"Säverstaberget - Bolleberget, Hälsingeleden",Bollnäs,6.3
21912,"Skajet - Säverstaberget, Hälsingeleden",Bollnäs,6.5
21911,"Prästvallen - Harsagården, Hälsingeleden",Ljusdal,10.5
21910,"Nyvallen - Byvallen, Hälsingeleden",Bollnäs,3.4
21909,"Nyfors - Acktjärbo, Hälsingeleden",Bollnäs,7.4
21908,"Nybodarna - Gammelbodarna, Hälsingeleden",Bollnäs,6.0
21907,"Möckelåsbo - Nyvallen, Hälsingeleden",Bollnäs,2.6
21906,"Mårdnästorp - Hårgbodarna, Hälsingeleden",Bollnäs,3.0
21905,"Mosjön - Mårdnästorp, Hälsingeleden",Bollnäs,2.2
21904,"Lötbodarna - Bältbosjön, Hälsingeleden",Bollnäs,4.7
21903,"Hällbo - Bergsänget, Hälsingeleden",Bollnäs,6.5
21902,"Hårgbodarna - Nybodarna, Hälsingeleden",Bollnäs,7.6
21901,"Gammelbodarna - Lötbodarna, Hälsingeleden",Bollnäs,5.7
21899,"Gammelbodarna - Hällbo, Hälsingeleden",Bollnäs,6.8
21877,"Åsengården till Sollerö kyrka, Romboleden",Mora,15.9
21875,"Evertsbergs kapell - Älvdalens kyrka, Romboleden",Älvdalen,12.9
21866,"Siljansleden, Mora till Risberget",Mora,16.7
21863,"Siljansleden, Mångberg till Siljansfors",Mora,18.1
21860,"Siljansleden, Siljansfors till Fulåberg",Mora,9.0
21857,"Siljansleden, Fulåberg till Norra Garberg",Mora,17.4
21853,"Siljansleden, Norra Garberg till Björka",Mora,16.1
21851,"Siljansleden, Björka till Nybron",Mora,13.9
21780,"Byvallen - Prästvallen, Hälsingeleden",Bollnäs,7.4
21779,"Bolleberget - Bergebo, Hälsingeleden",Bollnäs,5.4
21778,"Bessbo - Möckelåsbo, Hälsingeleden",Bollnäs,3.5
21777,"Bergsänget - Skajet, Hälsingeleden",Bollnäs,6.3
21776,"Bergefors - Nyfors, Hälsingeleden",Bollnäs,5.3
21775,Anslutning Acktjärbo-Arbrå sporthall,Ovanåker,7.5
21747,"Acktjärbo - Bessbo, Hälsingeleden",Ovanåker,3.3
21724,"Siljansleden, Nybron till Fryksås",Mora,13.8
21664,"Solanderleden, Åkerbärsröd",Luleå,43.3
21663,"Solanderleden, Orange",Piteå,49.6
21662,"Solanderleden, Ljusorange",Luleå,18.8
21661,"Solanderleden, Gul",Piteå,18.9
21660,"Solanderleden, Grön",Piteå,22.1
21659,"Solanderleden, Blå",Piteå,24.3
21658,"Solanderleden, Röd",Piteå,44.6
21628,Vasaloppsleden,Mora,94.4
21532,Flottarstigen och Fiskestigen,Robertsfors,30.9
21244,"Borgsjö - Länsgränsen, vandring",Ånge,21.5
21241,Fränsta - Borgsjö,Ånge,17.6
21240,"Torpet–Nattsjöstugan–Dainanäs, Urskogsleden",Vilhelmina,28.7
21239,Stöde - Fränsta,Sundsvall,28.0
21238,"Dainabäcken–Dainanäs, Urskogsleden",Vilhelmina,6.0
21196,"Nälden - Alsen, vandring",Krokom,19.2
20806,"Norska gränsen - Trondheim, Romboleden",Selbu,141.9
20494,"Siljansleden, Rättvik kommun",Orsa,340.0
20443,"Etapp 7, Köpmanholmen - Örnsköldsvik, Höga Kusten-leden",Örnsköldsvik,31.6
20440,"Etapp 6, Skuleberget - Köpmanholmen, Höga Kusten-leden",Kramfors,24.2
20438,"Etapp 5 Ullånger - Skuleberget, Höga Kusten-leden",Kramfors,20.8
20437,"Etapp 4, Lappudden - Ullånger, Höga Kusten-leden",Kramfors,14.6
20436,"Etapp 3, Gavik - Lappudden, Höga Kusten-leden",Kramfors,9.4
20434,"Etapp 2, Lövvik - Gavik, Höga Kusten-leden",Kramfors,23.7
20433,"Etapp 1, Hornöberget - Lövvik, Höga Kusten-leden",Kramfors,11.0
20355,"Bråten-Håberget, Finnskogsleden",Elverum,14.8
20309,"Håberget-Søre Osen, Finnskogsleden",Trysil,7.3
20279,Flötningen - Drevdagen,Älvdalen,15.9
19937,"Fryksås-Orsa, Siljansleden",Orsa,17.7
19936,"Tammeråsen-Rättvik, Siljansleden",Rättvik,18.3
19935,"Brunnvasselbodarna-Tammeråsen, Siljansleden",Mora,9.9
19934,"Orsa (Orsa kyrka)-Brunnvasselbodarna, Siljansleden",Orsa,14.0
19771,"S:t Olavsleden, vandring",Sundsvall,580.4
19014,"Svartbergs fäbodar - Korskälla, Romboleden",Älvdalen,18.0
19013,"Göransbodarna - Svartbergs fäbodar, Romboleden",Älvdalen,20.7
19012,"Älvdalens kyrka - Göransbodarna, Romboleden",Älvdalen,20.0
18857,Tvåälvsleden,Vindeln,26.3
17928,Rannsundet - Rändåfallet,Härjedalen,24.1
16967,Bynäset runt,Östersund,7.0
16965,Östbergets naturstig på Frösön,Östersund,2.6
16714,"Björnspåret, Åmot",Ockelbo,5.9
16713,"Naturstigen, Åmot",Ockelbo,2.5
16712,Anslutning Gästrikeleden-Ockelbo,Ockelbo,3.7
16711,Rönnåsslingan,Ockelbo,5.2
16710,Anslutning Gästrikeleden-Ulvsta,Ockelbo,1.6
16709,Häståsslingan ,Ockelbo,13.8
16571,"Oxberg kapell till Evertsberg kapell, Romboleden",Mora,12.8
16548,"Mora kyrka till Oxberg kapell, Romboleden",Mora,32.2
16544,"Lillhärjån - Häggingån, Romboleden",Härjedalen,8.0
16543,"Lövnäsvallen - Lofsdalen, Romboleden",Härjedalen,53.0
16539,"Häggingån - Rombovallen, Romboleden",Härjedalen,15.8
15990,"Sollerö kyrka-Mora kyrka, Romboleden",Mora,15.0
15913,"Korskälla - Lövnäsvallen, Romboleden",Härjedalen,50.5
14952,"Viterskalsstugan - Hemavan, Kungsleden",Storuman,10.0
14951,"Servestugan - Tärnasjöstugorna, Kungsleden",Sorsele,14.0
14950,"Aigertstugan - Servestugan, Kungsleden",Sorsele,20.0
14946,"Länsgränsen - Rävfallsstugan, Kungsleden",Sorsele,14.0
14685,"Skardörren - Stugudal, Romboleden",Tydal,10.6
14684,Ramundberget - Giertebåvne,Berg,63.0
14637,Lussifjället - Ransundet,Härjedalen,16.6
14636,"Lofsdalen - Rändåfallet, Romboleden",Härjedalen,115.0
14307,"Milstenshogna - Lillhärjån, Romboleden",Härjedalen,8.1
14049,"Rävfallsstugan - Ammarnäs, Kungsleden",Sorsele,21.0
14048,"Ammarnäs - Aigertstugan, Kungsleden",Sorsele,8.0
14046,"Syterstugan - Viterskalsstugan, Kungsleden",Storuman,12.0
14045,"Tärnasjöstugorna - Syterstugan, Kungsleden",Storuman,14.0
13951,Vindelvaggileden,Sorsele,51.3
13554,Nysjöleden (Nysjöns fäbod-Tulla),Falun,3.5
13535,Nysjöleden (Linghed-Nysjöns fäbod),Falun,22.0
13528,Pilgrimsleden,Falun,23.0
13514,Kurberget- Alderbacka fäbod- Spjärshällen,Falun,7.0
12914,"Adolfström - länsgränsen, Kungsleden",Arjeplog,32.0
12913,"Jäckvik - Adolfström, Kungsleden",Arjeplog,22.0
12905,"Piteälven-Jäckvik, Kungsleden",Arjeplog,55.5
12904,"Kvikkjokk - Piteälven, Kungsleden",Jokkmokk,34.0
12896,"Pårte - Kvikkjokk, Kungsleden",Jokkmokk,17.0
12895,"Aktse - Pårte, Kungsleden",Jokkmokk,23.0
12893,"Sitojaure - Aktse, Kungsleden",Jokkmokk,11.5
12892,"Saltoluokta-Sitojaure, Kungsleden",Jokkmokk,19.0
12657,Urskogsrundan Björnlandets nationalpark,Åsele,2.6
12656,Svärmorsleden Björnlandets nationalpark,Åsele,12.0
12655,Rönnlandsrundan Björnlandets nationalpark,Åsele,4.0
12654,Guldbäcksleden Björnlandets nationalpark,Åsele,7.0
12653,Björnlandsleden Björnlandets nationalpark,Åsele,6.3
12652,Angsjöleden Björnlandets nationalpark,Åsele,3.7
12564,Vännforsleden och Långforsens strövområde,Vännäs,11.1
12552,Tavelsjöleden,Umeå,39.0
12509,"Tempelleden, Lögdeälvsleden och Lögdeälvens vildmarksled",Nordmaling,117.2
12323,"Drottningleden, Laisaliden–Hemavan",Storuman,9.0
12186,Isälvsleden,Vindeln,60.0
10293,Öreälvsleden,Lycksele,150.0
5586,Hälsans stig - Östersund,Östersund,6.9
4574,Hälsans stig - Kalix,Kalix,5.2
4455,"Atjiken – Torpet, Urskogsleden",Vilhelmina,18.0
3447,Hälsans stig - Örnsköldsvik,Örnsköldsvik,7.0
3446,Hälsans stig - Timrå,Timrå,4.1
3445,Hälsans stig - Sundsvall,Sundsvall,4.0
3444,Hälsans stig - Sollefteå,Sollefteå,5.1
3443,Hälsans stig - Kramfors,Kramfors,3.8
3442,Hälsans stig - Umeå,Umeå,9.8
3440,Hälsans stig - Storuman,Storuman,6.6
3439,Hälsans stig - Skellefteå,Skellefteå,7.0
3438,Hälsans stig - Lycksele,Lycksele,6.9
3211,Hälsans stig - Älvsbyn,Älvsbyn,4.0
3209,Hälsans stig - Piteå,Piteå,3.3
3208,Hälsans stig - Luleå,Luleå,4.3
3207,Hälsans stig - Luleå Hertsön,Luleå,4.9
3205,Hälsans stig - Arvidsjaur,Arvidsjaur,3.8
3103,Hälsans Stig - Ockelbo,Ockelbo,3.8
3100,Hälsans stig - Ljusdal,Ljusdal,4.1
3090,Hälsans stig - Edsbyn,Ovanåker,4.0
3089,Hälsans stig - Bollnäs,Bollnäs,4.2
732,Nyvallen och Sonfjället familjeslinga,Härjedalen,2.4
710,Bjurälven vandringsled,Strömsund,7.3
683,Andersön familjestigen,Östersund,2.1
682,Döda fallet Naturstig och ramp,Ragunda,3.5
